Workbook

Sheet Home
C1: TRADING SECRETS ACADEMY PVT LTD | D1: TRADING SECRETS ACADEMY PVT LTD | E1: TRADING SECRETS ACADEMY PVT LTD | F1: TRADING SECRETS ACADEMY PVT LTD | G1: TRADING SECRETS ACADEMY PVT LTD | H1: TRADING SECRETS ACADEMY PVT LTD | I1: TRADING SECRETS ACADEMY PVT LTD | J1: GOLDTEN | GOLDM | GOLD | K1: GOLDTEN | GOLDM | GOLD | L1: GOLDTEN | GOLDM | GOLD
C2: Quality, Trust, Consistency & Ethics | D2: Quality, Trust, Consistency & Ethics | E2: Quality, Trust, Consistency & Ethics | F2: Quality, Trust, Consistency & Ethics | G2: Quality, Trust, Consistency & Ethics | H2: Quality, Trust, Consistency & Ethics | I2: Quality, Trust, Consistency & Ethics | J2: GOLDTEN | GOLDM | GOLD | K2: GOLDTEN | GOLDM | GOLD | L2: GOLDTEN | GOLDM | GOLD
C3: MCX GOLD FUTURES — PROFESSIONAL TRADING WORKBOOK | D3: MCX GOLD FUTURES — PROFESSIONAL TRADING WORKBOOK | E3: MCX GOLD FUTURES — PROFESSIONAL TRADING WORKBOOK | F3: MCX GOLD FUTURES — PROFESSIONAL TRADING WORKBOOK | G3: MCX GOLD FUTURES — PROFESSIONAL TRADING WORKBOOK | H3: MCX GOLD FUTURES — PROFESSIONAL TRADING WORKBOOK | I3: MCX GOLD FUTURES — PROFESSIONAL TRADING WORKBOOK | J3: GOLDTEN | GOLDM | GOLD | K3: GOLDTEN | GOLDM | GOLD | L3: GOLDTEN | GOLDM | GOLD
A4: Licence Number: TSA-MURU-2419 | Name: MURUGAN M | Mail ID: muruganm56789@gmail.com | Contact Number: 8610022419
A7: MCX GOLDTEN | B7: MCX GOLDTEN | C7: MCX GOLDTEN | D7: MCX GOLDTEN | E7: MCX GOLDM | F7: MCX GOLDM | G7: MCX GOLDM | H7: MCX GOLDM | I7: MCX GOLD | J7: MCX GOLD | K7: MCX GOLD | L7: MCX GOLD
A8: Open Calculation | B8: Open Calculation | C8: Open Calculation | D8: Open Calculation | E8: Open Calculation | F8: Open Calculation | G8: Open Calculation | H8: Open Calculation | I8: Open Calculation | J8: Open Calculation | K8: Open Calculation | L8: Open Calculation
A9: Open Orders | B9: Open Orders | C9: Open Orders | D9: Open Orders | E9: Open Orders | F9: Open Orders | G9: Open Orders | H9: Open Orders | I9: Open Orders | J9: Open Orders | K9: Open Orders | L9: Open Orders
A10: Open Tracking | B10: Open Tracking | C10: Open Tracking | D10: Open Tracking | E10: Open Tracking | F10: Open Tracking | G10: Open Tracking | H10: Open Tracking | I10: Open Tracking | J10: Open Tracking | K10: Open Tracking | L10: Open Tracking
A11: =IF('GOLDTEN Calculation'!B12="","Active Contract: input required","Active Contract: "&'GOLDTEN Calculation'!B12) -> Active Contract: OCT | B11: 10 | C11: 10 | D11: 10 | E11: =IF('GOLDM Calculation'!B12="","Active Contract: input required","Active Contract: "&'GOLDM Calculation'!B12) -> Active Contract: OCT | F11: 10 | G11: 10 | H11: 10 | I11: =IF('GOLD Calculation'!B12="","Active Contract: input required","Active Contract: "&'GOLD Calculation'!B12) -> Active Contract: OCT | J11: 10 | K11: 10 | L11: 10
A14: PORTFOLIO OVERVIEW | B14: PORTFOLIO OVERVIEW | C14: PORTFOLIO OVERVIEW | D14: PORTFOLIO OVERVIEW | E14: PORTFOLIO OVERVIEW | F14: PORTFOLIO OVERVIEW | G14: PORTFOLIO OVERVIEW | H14: PORTFOLIO OVERVIEW | I14: PORTFOLIO OVERVIEW | J14: PORTFOLIO OVERVIEW | K14: PORTFOLIO OVERVIEW | L14: PORTFOLIO OVERVIEW
A15: Capital Used (₹) | B15: Capital Used (₹) | C15: Total Profit / Loss (₹) | D15: Total Profit / Loss (₹) | E15: Portfolio Return | F15: Portfolio Return | G15: Completed Trades | H15: Completed Trades | I15: Winning Trades | J15: Winning Trades
A16: Capital Used (₹) | B16: Capital Used (₹) | C16: Total Profit / Loss (₹) | D16: Total Profit / Loss (₹) | E16: Portfolio Return | F16: Portfolio Return | G16: Completed Trades | H16: Completed Trades | I16: Winning Trades | J16: Winning Trades
A17: =SUM('GOLDTEN Tracking'!H7,'GOLDM Tracking'!H7,'GOLD Tracking'!H7) -> 900000 | B17: 10 | C17: =SUM('GOLDTEN Tracking'!H8,'GOLDM Tracking'!H8,'GOLD Tracking'!H8) -> 224718.03 | D17: 10 | E17: =IF(A17=0,"",C17/A17) -> 0.2496867 | F17: 10 | G17: =SUM('GOLDTEN Tracking'!H10,'GOLDM Tracking'!H10,'GOLD Tracking'!H10) -> 5 | H17: 10 | I17: =SUM('GOLDTEN Tracking'!L7,'GOLDM Tracking'!L7,'GOLD Tracking'!L7) -> 5 | J17: 10
A18: 10 | B18: 10 | C18: 10 | D18: 10 | E18: 10 | F18: 10 | G18: 10 | H18: 10 | I18: 10 | J18: 10
A21: PRODUCT STATUS | B21: PRODUCT STATUS | C21: PRODUCT STATUS | D21: PRODUCT STATUS | E21: PRODUCT STATUS | F21: PRODUCT STATUS | G21: PRODUCT STATUS | H21: PRODUCT STATUS | I21: PRODUCT STATUS | J21: PRODUCT STATUS | K21: PRODUCT STATUS | L21: PRODUCT STATUS
A22: Product | B22: Active Contract | C22: Next Date | D22: Buy Setup | E22: Buy Status | F22: Sell Setup | G22: Sell Status | H22: Total P&L (₹) | I22: Return | J22: DAILY WORKFLOW 1. Calculation: enter contract and four-day data. 2. Orders: select setup/status and enter market prices. 3. Tracking: record trade and exit results. | K22: DAILY WORKFLOW 1. Calculation: enter contract and four-day data. 2. Orders: select setup/status and enter market prices. 3. Tracking: record trade and exit results. | L22: DAILY WORKFLOW 1. Calculation: enter contract and four-day data. 2. Orders: select setup/status and enter market prices. 3. Tracking: record trade and exit results.
A23: MCX GOLDTEN | B23: =IF('GOLDTEN Calculation'!B12="","",'GOLDTEN Calculation'!B12) -> OCT | C23: =IF('GOLDTEN Calculation'!B6="","",'GOLDTEN Calculation'!B6) -> 46283 | D23: ='GOLDTEN Orders'!G21 -> Normal Buy | E23: ='GOLDTEN Orders'!F21 -> No Holdings | F23: ='GOLDTEN Orders'!G22 -> Latest Tracking Sell | G23: ='GOLDTEN Orders'!F22 -> Target Triggered | H23: ='GOLDTEN Tracking'!H8 -> 17529.342 | I23: ='GOLDTEN Tracking'!H9 -> 0.17529342 | J23: DAILY WORKFLOW 1. Calculation: enter contract and four-day data. 2. Orders: select setup/status and enter market prices. 3. Tracking: record trade and exit results. | K23: DAILY WORKFLOW 1. Calculation: enter contract and four-day data. 2. Orders: select setup/status and enter market prices. 3. Tracking: record trade and exit results. | L23: DAILY WORKFLOW 1. Calculation: enter contract and four-day data. 2. Orders: select setup/status and enter market prices. 3. Tracking: record trade and exit results.
A24: MCX GOLDM | B24: =IF('GOLDM Calculation'!B12="","",'GOLDM Calculation'!B12) -> OCT | C24: =IF('GOLDM Calculation'!B6="","",'GOLDM Calculation'!B6) -> 46275 | D24: ='GOLDM Orders'!G21 -> Normal Buy | E24: ='GOLDM Orders'!F21 -> Target Triggered | F24: ='GOLDM Orders'!G22 -> Latest Tracking Sell | G24: ='GOLDM Orders'!F22 -> Sell Holding | H24: ='GOLDM Tracking'!H8 -> 175293.42 | I24: ='GOLDM Tracking'!H9 -> 0.21911678 | J24: DAILY WORKFLOW 1. Calculation: enter contract and four-day data. 2. Orders: select setup/status and enter market prices. 3. Tracking: record trade and exit results. | K24: DAILY WORKFLOW 1. Calculation: enter contract and four-day data. 2. Orders: select setup/status and enter market prices. 3. Tracking: record trade and exit results. | L24: DAILY WORKFLOW 1. Calculation: enter contract and four-day data. 2. Orders: select setup/status and enter market prices. 3. Tracking: record trade and exit results.
A25: MCX GOLD | B25: =IF('GOLD Calculation'!B12="","",'GOLD Calculation'!B12) -> OCT | C25: =IF('GOLD Calculation'!B6="","",'GOLD Calculation'!B6) -> 46275 | D25: ='GOLD Orders'!G21 -> Gap Up Buy | E25: ='GOLD Orders'!F21 -> Entry Triggered | F25: ='GOLD Orders'!G22 -> Latest Tracking Sell | G25: ='GOLD Orders'!F22 -> Sell Holding | H25: ='GOLD Tracking'!H8 -> 31895.262 | I25: ='GOLD Tracking'!H9 | J25: DAILY WORKFLOW 1. Calculation: enter contract and four-day data. 2. Orders: select setup/status and enter market prices. 3. Tracking: record trade and exit results. | K25: DAILY WORKFLOW 1. Calculation: enter contract and four-day data. 2. Orders: select setup/status and enter market prices. 3. Tracking: record trade and exit results. | L25: DAILY WORKFLOW 1. Calculation: enter contract and four-day data. 2. Orders: select setup/status and enter market prices. 3. Tracking: record trade and exit results.
A28: INPUT COLOUR GUIDE | B28: INPUT COLOUR GUIDE | C28: INPUT COLOUR GUIDE | D28: INPUT COLOUR GUIDE | E28: INPUT COLOUR GUIDE | F28: INPUT COLOUR GUIDE | G28: INPUT COLOUR GUIDE | H28: INPUT COLOUR GUIDE | I28: INPUT COLOUR GUIDE | J28: INPUT COLOUR GUIDE | K28: INPUT COLOUR GUIDE | L28: INPUT COLOUR GUIDE
A29: BLUE Select from dropdown | B29: BLUE Select from dropdown | C29: BLUE Select from dropdown | D29: YELLOW Enter manually | E29: YELLOW Enter manually | F29: YELLOW Enter manually | G29: GREY / WHITE Calculated automatically | H29: GREY / WHITE Calculated automatically | I29: GREY / WHITE Calculated automatically | J29: GREEN / RED Buy / Sell workflow | K29: GREEN / RED Buy / Sell workflow | L29: GREEN / RED Buy / Sell workflow
A30: BLUE Select from dropdown | B30: BLUE Select from dropdown | C30: BLUE Select from dropdown | D30: YELLOW Enter manually | E30: YELLOW Enter manually | F30: YELLOW Enter manually | G30: GREY / WHITE Calculated automatically | H30: GREY / WHITE Calculated automatically | I30: GREY / WHITE Calculated automatically | J30: GREEN / RED Buy / Sell workflow | K30: GREEN / RED Buy / Sell workflow | L30: GREEN / RED Buy / Sell workflow
A31: BLUE Select from dropdown | B31: BLUE Select from dropdown | C31: BLUE Select from dropdown | D31: YELLOW Enter manually | E31: YELLOW Enter manually | F31: YELLOW Enter manually | G31: GREY / WHITE Calculated automatically | H31: GREY / WHITE Calculated automatically | I31: GREY / WHITE Calculated automatically | J31: GREEN / RED Buy / Sell workflow | K31: GREEN / RED Buy / Sell workflow | L31: GREEN / RED Buy / Sell workflow
A33: This workbook is a calculation and workflow tool. Verify exchange rules, broker requirements and live market conditions before placing any order. | B33: This workbook is a calculation and workflow tool. Verify exchange rules, broker requirements and live market conditions before placing any order. | C33: This workbook is a calculation and workflow tool. Verify exchange rules, broker requirements and live market conditions before placing any order. | D33: This workbook is a calculation and workflow tool. Verify exchange rules, broker requirements and live market conditions before placing any order. | E33: This workbook is a calculation and workflow tool. Verify exchange rules, broker requirements and live market conditions before placing any order. | F33: This workbook is a calculation and workflow tool. Verify exchange rules, broker requirements and live market conditions before placing any order. | G33: This workbook is a calculation and workflow tool. Verify exchange rules, broker requirements and live market conditions before placing any order. | H33: This workbook is a calculation and workflow tool. Verify exchange rules, broker requirements and live market conditions before placing any order. | I33: This workbook is a calculation and workflow tool. Verify exchange rules, broker requirements and live market conditions before placing any order. | J33: This workbook is a calculation and workflow tool. Verify exchange rules, broker requirements and live market conditions before placing any order. | K33: This workbook is a calculation and workflow tool. Verify exchange rules, broker requirements and live market conditions before placing any order. | L33: This workbook is a calculation and workflow tool. Verify exchange rules, broker requirements and live market conditions before placing any order.
A35: TRADING SECRETS ACADEMY PVT LTD | Quality, Trust, Consistency & Ethics
A36: Office Support: Mrs. Sathyavani +91 90425 87730 | Mrs. Suganya +91 80569 25382
A37: Calculations & Live Market Support: Mr. Vanaraja +91 7200575175 | Mr. Gokul +91 7200575154
A38: Registered: Sivaganga 630611 | Head Office: West Tambaram, Chennai 600045

Sheet GOLDTEN Calculation
A1: TRADING SECRETS ACADEMY PVT LTD | H1: MCX GOLDTEN CALCULATION | I1: MCX GOLDTEN CALCULATION | J1: MCX GOLDTEN CALCULATION
A2: Quality, Trust, Consistency & Ethics | H2: MCX GOLDTEN CALCULATION | I2: MCX GOLDTEN CALCULATION | J2: MCX GOLDTEN CALCULATION
A3: CALCULATION & TRADING LEVELS | H3: MCX GOLDTEN CALCULATION | I3: MCX GOLDTEN CALCULATION | J3: MCX GOLDTEN CALCULATION
A4: Licence Number: TSA-MURU-2419 | Name: MURUGAN M | Mail ID: muruganm56789@gmail.com | Contact Number: 8610022419
A5: CONTRACT & TRADING DATE INPUTS | B5: CONTRACT & TRADING DATE INPUTS | C5: CONTRACT & TRADING DATE INPUTS | D5: CONTRACT & TRADING DATE INPUTS
A6: Next Trading Date | B6: 46283
A7: Contract 1 | B7: SEP
A8: Contract 1 Expiry | B8: 46295
A9: Contract 2 | B9: OCT
A10: Contract 2 Expiry | B10: 46325
A11: Switch Date | B11: =IF(B8="","",WORKDAY(B8,-Settings!$K$11)) -> 46282
A12: Selected Contract | B12: =IF(OR(B6="",B11=""),"",IF(B6>=B11,B9,B7)) -> OCT
A14: FOUR-DAY HIGH / LOW INPUTS | B14: FOUR-DAY HIGH / LOW INPUTS | C14: FOUR-DAY HIGH / LOW INPUTS | D14: FOUR-DAY HIGH / LOW INPUTS | E14: FOUR-DAY HIGH / LOW INPUTS | F14: FOUR-DAY HIGH / LOW INPUTS | G14: FOUR-DAY HIGH / LOW INPUTS | H14: FOUR-DAY HIGH / LOW INPUTS | I14: FOUR-DAY HIGH / LOW INPUTS | J14: FOUR-DAY HIGH / LOW INPUTS
A16: Day | B16: Date | C16: High | D16: Low | F16: Summary Level | G16: Value
A17: Day 01 | B17: 46282 | C17: 154770 | D17: 151666 | F17: 4DHH | G17: =IF(COUNT(C17:C20)<4,"",MAX(C17:C20)) -> 154770
A18: Day 02 | C18: 154148 | D18: 150500 | F18: 4DLL | G18: =IF(COUNT(D17:D20)<4,"",MIN(D17:D20)) -> 150110
A19: Day 03 | C19: 152402 | D19: 150110 | F19: 2DHH | G19: =IF(COUNT(C19:C20)<2,"",MAX(C19:C20)) -> 152402
A20: Day 04 | C20: 151932 | D20: 150411 | F20: 2DLL | G20: =IF(COUNT(D19:D20)<2,"",MIN(D19:D20)) -> 150110
A22: NORMAL BUY | B22: NORMAL BUY | C22: NORMAL BUY | D22: NORMAL BUY | F22: NORMAL SELL | G22: NORMAL SELL | H22: NORMAL SELL | I22: NORMAL SELL | J22: NORMAL SELL
A23: Entry | B23: =IF(G17="","",G17*(1+Settings!$K$6)) -> 154955.72 | F23: Entry | G23: =IF(G18="","",G18*(1-Settings!$K$6)) -> 149929.87
A24: Target | B24: =IF(B23="","",B23*(1+Settings!$K$7)) -> 157280.06 | F24: Target | G24: =IF(G23="","",G23*(1-Settings!$K$7)) -> 147680.92
A25: Stoploss 1 | B25: =IF(OR(B23="",G20=""),"",MAX(B23*(1-Settings!$K$8),G20*(1-Settings!$K$6))) -> 152631.39 | F25: Stoploss 1 | G25: =IF(OR(G23="",G19=""),"",MIN(G23*(1+Settings!$K$8),G19*(1+Settings!$K$6))) -> 152178.82
A26: Stoploss 2 | B26: =IF(OR(B23="",G18=""),"",MAX(B23*(1-Settings!$K$8),G18*(1-Settings!$K$6))) -> 152631.39 | F26: Stoploss 2 | G26: =IF(OR(G23="",G17=""),"",MIN(G23*(1+Settings!$K$8),G17*(1+Settings!$K$6))) -> 152178.82
A29: NORMAL CALCULATION LEVELS — AUTO-LINKED TO ORDERS | B29: NORMAL CALCULATION LEVELS — AUTO-LINKED TO ORDERS | C29: NORMAL CALCULATION LEVELS — AUTO-LINKED TO ORDERS | D29: NORMAL CALCULATION LEVELS — AUTO-LINKED TO ORDERS | E29: NORMAL CALCULATION LEVELS — AUTO-LINKED TO ORDERS | F29: NORMAL CALCULATION LEVELS — AUTO-LINKED TO ORDERS | G29: NORMAL CALCULATION LEVELS — AUTO-LINKED TO ORDERS | H29: NORMAL CALCULATION LEVELS — AUTO-LINKED TO ORDERS
A30: Setup | B30: Order Date | C30: Contract | D30: Trade | E30: Entry | F30: Target | G30: Stoploss 1 | H30: Stoploss 2
A31: Normal Buy Levels | B31: =IF(B6="","",B6) -> 46283 | C31: =IF(B12="","",B12) -> OCT | D31: Buy | E31: =B23 -> 154955.72 | F31: =B24 -> 157280.06 | G31: =B25 -> 152631.39 | H31: =B26 -> 152631.39
A32: Normal Sell Levels | B32: =IF(B6="","",B6) -> 46283 | C32: =IF(B12="","",B12) -> OCT | D32: Sell | E32: =G23 -> 149929.87 | F32: =G24 -> 147680.92 | G32: =G25 -> 152178.82 | H32: =G26 -> 152178.82
A33: GAP-UP BUY & GAP-DOWN SELL LEVELS | B33: GAP-UP BUY & GAP-DOWN SELL LEVELS | C33: GAP-UP BUY & GAP-DOWN SELL LEVELS | D33: GAP-UP BUY & GAP-DOWN SELL LEVELS | E33: GAP-UP BUY & GAP-DOWN SELL LEVELS | F33: GAP-UP BUY & GAP-DOWN SELL LEVELS | G33: GAP-UP BUY & GAP-DOWN SELL LEVELS | H33: GAP-UP BUY & GAP-DOWN SELL LEVELS | I33: GAP-UP BUY & GAP-DOWN SELL LEVELS | J33: GAP-UP BUY & GAP-DOWN SELL LEVELS
A34: GAP-UP BUY | B34: GAP-UP BUY | C34: GAP-UP BUY | D34: GAP-UP BUY | F34: GAP-DOWN SELL | G34: GAP-DOWN SELL | H34: GAP-DOWN SELL | I34: GAP-DOWN SELL | J34: GAP-DOWN SELL
A35: First 15-Minute High | B35: 155090 | F35: First 15-Minute Low | G35: 149000
A36: Entry | B36: =IF(B35="","",B35*(1+Settings!$K$6)) -> 155276.11 | F36: Entry | G36: =IF(G35="","",G35*(1-Settings!$K$6)) -> 148821.2
A37: Target | B37: =IF(B36="","",B36*(1+Settings!$K$7)) -> 157605.25 | F37: Target | G37: =IF(G36="","",G36*(1-Settings!$K$7)) -> 146588.88
A38: Stoploss 1 | B38: =IF(OR(B35="",G20=""),"",MAX(B36*(1-Settings!$K$8),G20*(1-Settings!$K$6))) -> 152946.97 | F38: Stoploss 1 | G38: =IF(OR(G35="",G19=""),"",MIN(G36*(1+Settings!$K$8),G19*(1+Settings!$K$6))) -> 151053.52
A39: Stoploss 2 | B39: =IF(OR(B35="",G18=""),"",MAX(B36*(1-Settings!$K$8),G18*(1-Settings!$K$6))) -> 152946.97 | F39: Stoploss 2 | G39: =IF(OR(G35="",G17=""),"",MIN(G36*(1+Settings!$K$8),G17*(1+Settings!$K$6))) -> 151053.52
A41: GAP CALCULATION LEVELS — AUTO-LINKED TO ORDERS | B41: GAP CALCULATION LEVELS — AUTO-LINKED TO ORDERS | C41: GAP CALCULATION LEVELS — AUTO-LINKED TO ORDERS | D41: GAP CALCULATION LEVELS — AUTO-LINKED TO ORDERS | E41: GAP CALCULATION LEVELS — AUTO-LINKED TO ORDERS | F41: GAP CALCULATION LEVELS — AUTO-LINKED TO ORDERS | G41: GAP CALCULATION LEVELS — AUTO-LINKED TO ORDERS | H41: GAP CALCULATION LEVELS — AUTO-LINKED TO ORDERS
A42: Gap result cells stay blank until the corresponding first 15-minute value is entered. | B42: Gap result cells stay blank until the corresponding first 15-minute value is entered. | C42: Gap result cells stay blank until the corresponding first 15-minute value is entered. | D42: Gap result cells stay blank until the corresponding first 15-minute value is entered. | E42: Gap result cells stay blank until the corresponding first 15-minute value is entered. | F42: Gap result cells stay blank until the corresponding first 15-minute value is entered. | G42: Gap result cells stay blank until the corresponding first 15-minute value is entered. | H42: Gap result cells stay blank until the corresponding first 15-minute value is entered.
A43: Setup | B43: Order Date | C43: Contract | D43: Trade | E43: Entry | F43: Target | G43: Stoploss 1 | H43: Stoploss 2
A44: Gap Up Buy Levels | B44: =IF(B6="","",B6) -> 46283 | C44: =IF(B12="","",B12) -> OCT | D44: Buy | E44: =IF(B35="","",B36) -> 155276.11 | F44: =IF(B35="","",B37) -> 157605.25 | G44: =IF(B35="","",B38) -> 152946.97 | H44: =IF(B35="","",B39) -> 152946.97
A45: Gap Down Sell Levels | B45: =IF(B6="","",B6) -> 46283 | C45: =IF(B12="","",B12) -> OCT | D45: Sell | E45: =IF(G35="","",G36) -> 148821.2 | F45: =IF(G35="","",G37) -> 146588.88 | G45: =IF(G35="","",G38) -> 151053.52 | H45: =IF(G35="","",G39) -> 151053.52
A47: LEGEND: Yellow = manual input | Blue/grey = calculated | Green = Buy | Red = Sell | B47: LEGEND: Yellow = manual input | Blue/grey = calculated | Green = Buy | Red = Sell | C47: LEGEND: Yellow = manual input | Blue/grey = calculated | Green = Buy | Red = Sell | D47: LEGEND: Yellow = manual input | Blue/grey = calculated | Green = Buy | Red = Sell | E47: LEGEND: Yellow = manual input | Blue/grey = calculated | Green = Buy | Red = Sell | F47: LEGEND: Yellow = manual input | Blue/grey = calculated | Green = Buy | Red = Sell | G47: LEGEND: Yellow = manual input | Blue/grey = calculated | Green = Buy | Red = Sell | H47: LEGEND: Yellow = manual input | Blue/grey = calculated | Green = Buy | Red = Sell | I47: LEGEND: Yellow = manual input | Blue/grey = calculated | Green = Buy | Red = Sell | J47: LEGEND: Yellow = manual input | Blue/grey = calculated | Green = Buy | Red = Sell
A49: TRADING SECRETS ACADEMY PVT LTD | Quality, Trust, Consistency & Ethics
A50: Office Support: Mrs. Sathyavani +91 90425 87730 | Mrs. Suganya +91 80569 25382
A51: Calculations & Live Market Support: Mr. Vanaraja +91 7200575175 | Mr. Gokul +91 7200575154
A52: Registered: Sivaganga 630611 | Head Office: West Tambaram, Chennai 600045

Sheet GOLDTEN Orders
A1: TRADING SECRETS ACADEMY PVT LTD | G1: MCX GOLDTEN ORDERS | H1: MCX GOLDTEN ORDERS | I1: MCX GOLDTEN ORDERS
A2: Quality, Trust, Consistency & Ethics | G2: MCX GOLDTEN ORDERS | H2: MCX GOLDTEN ORDERS | I2: MCX GOLDTEN ORDERS
A3: ORDER SELECTION, MISSED CHECKS & TICKETS | G3: MCX GOLDTEN ORDERS | H3: MCX GOLDTEN ORDERS | I3: MCX GOLDTEN ORDERS
A4: Licence Number: TSA-MURU-2419 | Name: MURUGAN M | Mail ID: muruganm56789@gmail.com | Contact Number: 8610022419
A5: Number of Lots | B5: 2 | E5: Product | F5: MCX GOLDTEN
A6: Market Opening Price | B6: 154000 | E6: Active Contract | F6: =IF('GOLDTEN Calculation'!B12="","",'GOLDTEN Calculation'!B12) -> OCT
A7: First 10-Minute High | B7: 152500 | E7: Trading Date | F7: =IF('GOLDTEN Calculation'!B6="","",'GOLDTEN Calculation'!B6) -> 46283
A8: First 10-Minute Low | B8: 152800 | E8: Input Status | F8: =IF(COUNT(B6:B8)=3,"READY","INPUT REQUIRED") -> READY
A9: Buy Status | B9: No Holdings
A10: Sell Status | B10: Sell Holding | C10: Target Triggered
A12: SOURCE LEVELS FROM MATCHING CALCULATION SHEET | B12: SOURCE LEVELS FROM MATCHING CALCULATION SHEET | C12: SOURCE LEVELS FROM MATCHING CALCULATION SHEET | D12: SOURCE LEVELS FROM MATCHING CALCULATION SHEET | E12: SOURCE LEVELS FROM MATCHING CALCULATION SHEET | F12: SOURCE LEVELS FROM MATCHING CALCULATION SHEET | G12: SOURCE LEVELS FROM MATCHING CALCULATION SHEET | H12: SOURCE LEVELS FROM MATCHING CALCULATION SHEET | I12: SOURCE LEVELS FROM MATCHING CALCULATION SHEET
A13: Setup | B13: Entry | C13: Target | D13: SL1 | E13: SL2 | F13: Availability
A14: Normal Buy | B14: =IF(COUNT('GOLDTEN Calculation'!G17)=0,"",'GOLDTEN Calculation'!B23) -> 154955.72 | C14: =IF(COUNT('GOLDTEN Calculation'!G17)=0,"",'GOLDTEN Calculation'!B24) -> 157280.06 | D14: =IF(COUNT('GOLDTEN Calculation'!G17)=0,"",'GOLDTEN Calculation'!B25) -> 152631.39 | E14: =IF(COUNT('GOLDTEN Calculation'!G17)=0,"",'GOLDTEN Calculation'!B26) -> 152631.39 | F14: =IF(COUNT('GOLDTEN Calculation'!G17)=0,"INPUT REQUIRED",IF(COUNT(B14:E14)=4,"READY","INPUT REQUIRED")) -> READY
A15: Normal Sell | B15: =IF(COUNT('GOLDTEN Calculation'!G18)=0,"",'GOLDTEN Calculation'!G23) -> 149929.87 | C15: =IF(COUNT('GOLDTEN Calculation'!G18)=0,"",'GOLDTEN Calculation'!G24) -> 147680.92 | D15: =IF(COUNT('GOLDTEN Calculation'!G18)=0,"",'GOLDTEN Calculation'!G25) -> 152178.82 | E15: =IF(COUNT('GOLDTEN Calculation'!G18)=0,"",'GOLDTEN Calculation'!G26) -> 152178.82 | F15: =IF(COUNT('GOLDTEN Calculation'!G18)=0,"INPUT REQUIRED",IF(COUNT(B15:E15)=4,"READY","INPUT REQUIRED")) -> READY
A16: Gap Up Buy | B16: =IF(COUNT('GOLDTEN Calculation'!B35)=0,"",'GOLDTEN Calculation'!B36) -> 155276.11 | C16: =IF(COUNT('GOLDTEN Calculation'!B35)=0,"",'GOLDTEN Calculation'!B37) -> 157605.25 | D16: =IF(COUNT('GOLDTEN Calculation'!B35)=0,"",'GOLDTEN Calculation'!B38) -> 152946.97 | E16: =IF(COUNT('GOLDTEN Calculation'!B35)=0,"",'GOLDTEN Calculation'!B39) -> 152946.97 | F16: =IF(COUNT('GOLDTEN Calculation'!B35)=0,"INPUT REQUIRED",IF(COUNT(B16:E16)=4,"READY","INPUT REQUIRED")) -> READY
A17: Gap Down Sell | B17: =IF(COUNT('GOLDTEN Calculation'!G35)=0,"",'GOLDTEN Calculation'!G36) -> 148821.2 | C17: =IF(COUNT('GOLDTEN Calculation'!G35)=0,"",'GOLDTEN Calculation'!G37) -> 146588.88 | D17: =IF(COUNT('GOLDTEN Calculation'!G35)=0,"",'GOLDTEN Calculation'!G38) -> 151053.52 | E17: =IF(COUNT('GOLDTEN Calculation'!G35)=0,"",'GOLDTEN Calculation'!G39) -> 151053.52 | F17: =IF(COUNT('GOLDTEN Calculation'!G35)=0,"INPUT REQUIRED",IF(COUNT(B17:E17)=4,"READY","INPUT REQUIRED")) -> READY
A19: SELECTED TRADING LEVELS & STATUS | B19: SELECTED TRADING LEVELS & STATUS | C19: SELECTED TRADING LEVELS & STATUS | D19: SELECTED TRADING LEVELS & STATUS | E19: SELECTED TRADING LEVELS & STATUS | F19: SELECTED TRADING LEVELS & STATUS | G19: SELECTED TRADING LEVELS & STATUS | H19: SELECTED TRADING LEVELS & STATUS | I19: SELECTED TRADING LEVELS & STATUS
A20: Trade | B20: Entry | C20: Target | D20: Stoploss 1 | E20: Stoploss 2 | F20: Status | G20: Selected Setup
A21: Normal Buy | B21: =IF($B$9="Buy Holding",IFERROR(LOOKUP(2,1/(('GOLDTEN Tracking'!$D$14:$D$213="Buy")*('GOLDTEN Tracking'!$E$14:$E$213<>"")),'GOLDTEN Tracking'!$E$14:$E$213),""),IF($A$21="Normal Buy",IF(ISNUMBER(B14),B14,""),IF($A$21="Gap Up Buy",IF(ISNUMBER(B16),B16,""),""))) -> 154955.72 | C21: =IF($B$9="Buy Holding",IFERROR(LOOKUP(2,1/(('GOLDTEN Tracking'!$D$14:$D$213="Buy")*('GOLDTEN Tracking'!$E$14:$E$213<>"")),'GOLDTEN Tracking'!$F$14:$F$213),""),IF($A$21="Normal Buy",IF(ISNUMBER(C14),C14,""),IF($A$21="Gap Up Buy",IF(ISNUMBER(C16),C16,""),""))) -> 157280.06 | D21: =IF($B$9="Buy Holding",IFERROR(IF(AND(LOOKUP(2,1/(('GOLDTEN Tracking'!$D$14:$D$213="Buy")*('GOLDTEN Tracking'!$E$14:$E$213<>"")),'GOLDTEN Tracking'!$K$14:$K$213)="",LOOKUP(2,1/(('GOLDTEN Tracking'!$D$14:$D$213="Buy")*('GOLDTEN Tracking'!$E$14:$E$213<>"")),'GOLDTEN Tracking'!$Q$14:$Q$213)=""),"",IF(LOOKUP(2,1/(('GOLDTEN Tracking'!$D$14:$D$213="Buy")*('GOLDTEN Tracking'!$E$14:$E$213<>"")),'GOLDTEN Tracking'!$K$14:$K$213)="",LOOKUP(2,1/(('GOLDTEN Tracking'!$D$14:$D$213="Buy")*('GOLDTEN Tracking'!$E$14:$E$213<>"")),'GOLDTEN Tracking'!$Q$14:$Q$213),IF(LOOKUP(2,1/(('GOLDTEN Tracking'!$D$14:$D$213="Buy")*('GOLDTEN Tracking'!$E$14:$E$213<>"")),'GOLDTEN Tracking'!$Q$14:$Q$213)="",LOOKUP(2,1/(('GOLDTEN Tracking'!$D$14:$D$213="Buy")*('GOLDTEN Tracking'!$E$14:$E$213<>"")),'GOLDTEN Tracking'!$K$14:$K$213),MIN(LOOKUP(2,1/(('GOLDTEN Tracking'!$D$14:$D$213="Buy")*('GOLDTEN Tracking'!$E$14:$E$213<>"")),'GOLDTEN Tracking'!$K$14:$K$213),LOOKUP(2,1/(('GOLDTEN Tracking'!$D$14:$D$213="Buy")*('GOLDTEN Tracking'!$E$14:$E$213<>"")),'GOLDTEN Tracking'!$Q$14:$Q$213))))),""),IF($A$21="Normal Buy",IF(ISNUMBER(D14),D14,""),IF($A$21="Gap Up Buy",IF(ISNUMBER(D16),D16,""),""))) -> 152631.39 | E21: =IF($B$9="Buy Holding",IFERROR(IF(AND(LOOKUP(2,1/(('GOLDTEN Tracking'!$D$14:$D$213="Buy")*('GOLDTEN Tracking'!$E$14:$E$213<>"")),'GOLDTEN Tracking'!$N$14:$N$213)="",LOOKUP(2,1/(('GOLDTEN Tracking'!$D$14:$D$213="Buy")*('GOLDTEN Tracking'!$E$14:$E$213<>"")),'GOLDTEN Tracking'!$T$14:$T$213)=""),"",IF(LOOKUP(2,1/(('GOLDTEN Tracking'!$D$14:$D$213="Buy")*('GOLDTEN Tracking'!$E$14:$E$213<>"")),'GOLDTEN Tracking'!$N$14:$N$213)="",LOOKUP(2,1/(('GOLDTEN Tracking'!$D$14:$D$213="Buy")*('GOLDTEN Tracking'!$E$14:$E$213<>"")),'GOLDTEN Tracking'!$T$14:$T$213),IF(LOOKUP(2,1/(('GOLDTEN Tracking'!$D$14:$D$213="Buy")*('GOLDTEN Tracking'!$E$14:$E$213<>"")),'GOLDTEN Tracking'!$T$14:$T$213)="",LOOKUP(2,1/(('GOLDTEN Tracking'!$D$14:$D$213="Buy")*('GOLDTEN Tracking'!$E$14:$E$213<>"")),'GOLDTEN Tracking'!$N$14:$N$213),MIN(LOOKUP(2,1/(('GOLDTEN Tracking'!$D$14:$D$213="Buy")*('GOLDTEN Tracking'!$E$14:$E$213<>"")),'GOLDTEN Tracking'!$N$14:$N$213),LOOKUP(2,1/(('GOLDTEN Tracking'!$D$14:$D$213="Buy")*('GOLDTEN Tracking'!$E$14:$E$213<>"")),'GOLDTEN Tracking'!$T$14:$T$213))))),""),IF($A$21="Normal Buy",IF(ISNUMBER(E14),E14,""),IF($A$21="Gap Up Buy",IF(ISNUMBER(E16),E16,""),""))) -> 152631.39 | F21: =IF($C$9<>"",$C$9,IF($B$9="","",$B$9)) -> No Holdings | G21: =IF($B$9="Buy Holding","Latest Tracking Buy",IF($A$21="","",$A$21)) -> Normal Buy
A22: Normal Sell | B22: =IF($B$10="Sell Holding",IFERROR(LOOKUP(2,1/(('GOLDTEN Tracking'!$D$14:$D$213="Sell")*('GOLDTEN Tracking'!$E$14:$E$213<>"")),'GOLDTEN Tracking'!$E$14:$E$213),""),IF($A$22="Normal Sell",IF(ISNUMBER(B15),B15,""),IF($A$22="Gap Down Sell",IF(ISNUMBER(B17),B17,""),""))) -> 149929.87 | C22: =IF($B$10="Sell Holding",IFERROR(LOOKUP(2,1/(('GOLDTEN Tracking'!$D$14:$D$213="Sell")*('GOLDTEN Tracking'!$E$14:$E$213<>"")),'GOLDTEN Tracking'!$F$14:$F$213),""),IF($A$22="Normal Sell",IF(ISNUMBER(C15),C15,""),IF($A$22="Gap Down Sell",IF(ISNUMBER(C17),C17,""),""))) -> 147680.92 | D22: =IF($B$10="Sell Holding",IFERROR(IF(AND(LOOKUP(2,1/(('GOLDTEN Tracking'!$D$14:$D$213="Sell")*('GOLDTEN Tracking'!$E$14:$E$213<>"")),'GOLDTEN Tracking'!$K$14:$K$213)="",LOOKUP(2,1/(('GOLDTEN Tracking'!$D$14:$D$213="Sell")*('GOLDTEN Tracking'!$E$14:$E$213<>"")),'GOLDTEN Tracking'!$Q$14:$Q$213)=""),"",IF(LOOKUP(2,1/(('GOLDTEN Tracking'!$D$14:$D$213="Sell")*('GOLDTEN Tracking'!$E$14:$E$213<>"")),'GOLDTEN Tracking'!$K$14:$K$213)="",LOOKUP(2,1/(('GOLDTEN Tracking'!$D$14:$D$213="Sell")*('GOLDTEN Tracking'!$E$14:$E$213<>"")),'GOLDTEN Tracking'!$Q$14:$Q$213),IF(LOOKUP(2,1/(('GOLDTEN Tracking'!$D$14:$D$213="Sell")*('GOLDTEN Tracking'!$E$14:$E$213<>"")),'GOLDTEN Tracking'!$Q$14:$Q$213)="",LOOKUP(2,1/(('GOLDTEN Tracking'!$D$14:$D$213="Sell")*('GOLDTEN Tracking'!$E$14:$E$213<>"")),'GOLDTEN Tracking'!$K$14:$K$213),MAX(LOOKUP(2,1/(('GOLDTEN Tracking'!$D$14:$D$213="Sell")*('GOLDTEN Tracking'!$E$14:$E$213<>"")),'GOLDTEN Tracking'!$K$14:$K$213),LOOKUP(2,1/(('GOLDTEN Tracking'!$D$14:$D$213="Sell")*('GOLDTEN Tracking'!$E$14:$E$213<>"")),'GOLDTEN Tracking'!$Q$14:$Q$213))))),""),IF($A$22="Normal Sell",IF(ISNUMBER(D15),D15,""),IF($A$22="Gap Down Sell",IF(ISNUMBER(D17),D17,""),""))) -> 152583 | E22: =IF($B$10="Sell Holding",IFERROR(IF(AND(LOOKUP(2,1/(('GOLDTEN Tracking'!$D$14:$D$213="Sell")*('GOLDTEN Tracking'!$E$14:$E$213<>"")),'GOLDTEN Tracking'!$N$14:$N$213)="",LOOKUP(2,1/(('GOLDTEN Tracking'!$D$14:$D$213="Sell")*('GOLDTEN Tracking'!$E$14:$E$213<>"")),'GOLDTEN Tracking'!$T$14:$T$213)=""),"",IF(LOOKUP(2,1/(('GOLDTEN Tracking'!$D$14:$D$213="Sell")*('GOLDTEN Tracking'!$E$14:$E$213<>"")),'GOLDTEN Tracking'!$N$14:$N$213)="",LOOKUP(2,1/(('GOLDTEN Tracking'!$D$14:$D$213="Sell")*('GOLDTEN Tracking'!$E$14:$E$213<>"")),'GOLDTEN Tracking'!$T$14:$T$213),IF(LOOKUP(2,1/(('GOLDTEN Tracking'!$D$14:$D$213="Sell")*('GOLDTEN Tracking'!$E$14:$E$213<>"")),'GOLDTEN Tracking'!$T$14:$T$213)="",LOOKUP(2,1/(('GOLDTEN Tracking'!$D$14:$D$213="Sell")*('GOLDTEN Tracking'!$E$14:$E$213<>"")),'GOLDTEN Tracking'!$N$14:$N$213),MAX(LOOKUP(2,1/(('GOLDTEN Tracking'!$D$14:$D$213="Sell")*('GOLDTEN Tracking'!$E$14:$E$213<>"")),'GOLDTEN Tracking'!$N$14:$N$213),LOOKUP(2,1/(('GOLDTEN Tracking'!$D$14:$D$213="Sell")*('GOLDTEN Tracking'!$E$14:$E$213<>"")),'GOLDTEN Tracking'!$T$14:$T$213))))),""),IF($A$22="Normal Sell",IF(ISNUMBER(E15),E15,""),IF($A$22="Gap Down Sell",IF(ISNUMBER(E17),E17,""),""))) -> 152983 | F22: =IF($C$10<>"",$C$10,IF($B$10="","",$B$10)) -> Target Triggered | G22: =IF($B$10="Sell Holding","Latest Tracking Sell",IF($A$22="","",$A$22)) -> Latest Tracking Sell
A25: Check | B25: Order Direction | C25: Compare Input | D25: Selected Level | E25: Result | F25: Instruction | G25: Final Value
A26: Buy Entry | B26: Buy | C26: First 10-Min High | D26: Selected Buy Entry | E26: =IF(OR($B$9<>"No Holdings",$C$9<>"",NOT(ISNUMBER($B$21)),NOT(ISNUMBER($B$7))),"",IF($B$7>=$B$21,"MISSED","NOT MISSED")) -> NOT MISSED | F26: =IF(E26="","",IF(E26="MISSED",IF($A$21="Normal Buy","WAIT FOR GAP-UP INPUT","DO NOT PLACE — ENTRY PASSED"),IF($A$21="Normal Buy","PLACE AFTER 9:10 AM","PLACE AFTER 9:15 AM"))) -> PLACE AFTER 9:10 AM | G26: =IF(AND($B$9="No Holdings",$C$9="",ISNUMBER($B$21)),ROUND($B$21,0),"") -> 154956
A27: Sell Entry | B27: Sell | C27: First 10-Min Low | D27: Selected Sell Entry | E27: =IF(OR($B$10<>"No Holdings",$C$10<>"",NOT(ISNUMBER($B$22)),NOT(ISNUMBER($B$8))),"",IF($B$8<=$B$22,"MISSED","NOT MISSED")) | F27: =IF(E27="","",IF(E27="MISSED",IF($A$22="Normal Sell","WAIT FOR GAP-DOWN INPUT","DO NOT PLACE — ENTRY PASSED"),IF($A$22="Normal Sell","PLACE AFTER 9:10 AM","PLACE AFTER 9:15 AM"))) | G27: =IF(AND($B$10="No Holdings",$C$10="",ISNUMBER($B$22)),ROUND($B$22,0),"")
A28: Buy Target | B28: Sell | C28: Opening Price | D28: Selected Buy Target | E28: =IF(OR($C$9<>"Entry Triggered",NOT(ISNUMBER($C$21)),NOT(ISNUMBER($B$6))),"",IF($B$6>=$C$21,"MISSED","NOT MISSED")) | F28: =IF(E28="","",IF(E28="MISSED","EXIT AT CURRENT MARKET PRICE","PLACE LIMIT ORDER AT 9:00 AM")) | G28: =IF(AND($C$9="Entry Triggered",ISNUMBER($C$21)),ROUND($C$21,0),"")
A29: Sell Target | B29: Buy | C29: Opening Price | D29: Selected Sell Target | E29: =IF(OR($C$10<>"Entry Triggered",NOT(ISNUMBER($C$22)),NOT(ISNUMBER($B$6))),"",IF($B$6<=$C$22,"MISSED","NOT MISSED")) | F29: =IF(E29="","",IF(E29="MISSED","EXIT AT CURRENT MARKET PRICE","PLACE LIMIT ORDER AT 9:00 AM")) | G29: =IF(AND($C$10="Entry Triggered",ISNUMBER($C$22)),ROUND($C$22,0),"")
A30: Buy SL1 | B30: Sell | C30: First 10-Min Low | D30: Selected Buy SL1 | E30: =IF(OR($C$9<>"Entry Triggered",NOT(ISNUMBER($D$21)),NOT(ISNUMBER($B$8))),"",IF($B$8<=$D$21,"MISSED","NOT MISSED")) | F30: =IF(E30="","",IF(E30="MISSED","WAIT FOR GAP-DOWN SL1","PLACE ORDER AT 9:10 AM")) | G30: =IF(AND($C$9="Entry Triggered",ISNUMBER($D$21)),ROUND($D$21,0),"")
A31: Buy SL2 | B31: Sell | C31: First 10-Min Low | D31: Selected Buy SL2 | E31: =IF(OR($C$9<>"Target Triggered",NOT(ISNUMBER($E$21)),NOT(ISNUMBER($B$8))),"",IF($B$8<=$E$21,"MISSED","NOT MISSED")) | F31: =IF(E31="","",IF(E31="MISSED","WAIT FOR GAP-DOWN SL2","PLACE ORDER AT 9:10 AM")) | G31: =IF(AND($C$9="Target Triggered",ISNUMBER($E$21)),ROUND($E$21,0),"")
A32: Sell SL1 | B32: Buy | C32: First 10-Min High | D32: Selected Sell SL1 | E32: =IF(OR($C$10<>"Entry Triggered",NOT(ISNUMBER($D$22)),NOT(ISNUMBER($B$7))),"",IF($B$7>=$D$22,"MISSED","NOT MISSED")) | F32: =IF(E32="","",IF(E32="MISSED","WAIT FOR GAP-UP SL1","PLACE ORDER AT 9:10 AM")) | G32: =IF(AND($C$10="Entry Triggered",ISNUMBER($D$22)),ROUND($D$22,0),"")
A33: Sell SL2 | B33: Buy | C33: First 10-Min High | D33: Selected Sell SL2 | E33: =IF(OR($C$10<>"Target Triggered",NOT(ISNUMBER($E$22)),NOT(ISNUMBER($B$7))),"",IF($B$7>=$E$22,"MISSED","NOT MISSED")) -> NOT MISSED | F33: =IF(E33="","",IF(E33="MISSED","WAIT FOR GAP-UP SL2","PLACE ORDER AT 9:10 AM")) -> PLACE ORDER AT 9:10 AM | G33: =IF(AND($C$10="Target Triggered",ISNUMBER($E$22)),ROUND($E$22,0),"") -> 152983
A36: BUY TRADE ORDER TICKET | B36: BUY TRADE ORDER TICKET | C36: BUY TRADE ORDER TICKET | D36: BUY TRADE ORDER TICKET | E36: BUY TRADE ORDER TICKET | F36: BUY TRADE ORDER TICKET | G36: BUY TRADE ORDER TICKET | H36: BUY TRADE ORDER TICKET | I36: BUY TRADE ORDER TICKET
A37: Level | B37: Direction | C37: Order Type | D37: Lots | E37: Trigger Price | F37: Price | G37: Limit Price | H37: Placing Time | I37: Instruction
A38: Entry | B38: Buy | C38: Stoploss Order | D38: =IF(AND($B$9="No Holdings",$C$9="",$E$26="NOT MISSED"),$B$5,"") -> 2 | E38: =IF(D38="","",$G$26) -> 154956 | F38: =IF(E38="","",ROUND(E38*(1+Settings!$K$9),0)) -> 155111 | H38: =IF(D38="","",IF($A$21="Normal Buy","After 9:10 AM","After 9:15 AM")) -> After 9:10 AM | I38: =IF(AND($B$9="No Holdings",$C$9=""),$F$26,"") -> PLACE AFTER 9:10 AM
A39: Target | B39: Sell | C39: Limit Order | D39: =IF(AND($C$9="Entry Triggered",$E$28="NOT MISSED"),$B$5/2,"") | G39: =IF(D39="","",$G$28) | H39: =IF(D39="","","9:00 AM") | I39: =IF($C$9="Entry Triggered",$F$28,"")
A40: Stoploss 1 | B40: Sell | C40: Stoploss Order | D40: =IF(AND($C$9="Entry Triggered",$E$30="NOT MISSED"),$B$5,"") | E40: =IF(D40="","",$G$30) | F40: =IF(E40="","",ROUND(E40*(1-Settings!$K$9),0)) | H40: =IF(D40="","","9:10 AM") | I40: =IF($C$9="Stoploss 1 Triggered","START FRESH ORDER",IF($C$9="Entry Triggered",$F$30,""))
A41: Stoploss 2 | B41: Sell | C41: Stoploss Order | D41: =IF(AND($C$9="Target Triggered",$E$31="NOT MISSED"),$B$5/2,"") | E41: =IF(D41="","",$G$31) | F41: =IF(E41="","",ROUND(E41*(1-Settings!$K$9),0)) | H41: =IF(D41="","","9:10 AM") | I41: =IF($C$9="Stoploss 2 Triggered","START FRESH ORDER",IF($C$9="Target Triggered",$F$31,""))
A44: SELL TRADE ORDER TICKET | B44: SELL TRADE ORDER TICKET | C44: SELL TRADE ORDER TICKET | D44: SELL TRADE ORDER TICKET | E44: SELL TRADE ORDER TICKET | F44: SELL TRADE ORDER TICKET | G44: SELL TRADE ORDER TICKET | H44: SELL TRADE ORDER TICKET | I44: SELL TRADE ORDER TICKET
A45: Level | B45: Direction | C45: Order Type | D45: Lots | E45: Trigger Price | F45: Price | G45: Limit Price | H45: Placing Time | I45: Instruction
A46: Entry | B46: Sell | C46: Stoploss Order | D46: =IF(AND($B$10="No Holdings",$C$10="",$E$27="NOT MISSED"),$B$5,"") | E46: =IF(D46="","",$G$27) | F46: =IF(E46="","",ROUND(E46*(1-Settings!$K$9),0)) | H46: =IF(D46="","",IF($A$22="Normal Sell","After 9:10 AM","After 9:15 AM")) | I46: =IF(AND($B$10="No Holdings",$C$10=""),$F$27,"")
A47: Target | B47: Buy | C47: Limit Order | D47: =IF(AND($C$10="Entry Triggered",$E$29="NOT MISSED"),$B$5/2,"") | G47: =IF(D47="","",$G$29) | H47: =IF(D47="","","9:00 AM") | I47: =IF($C$10="Entry Triggered",$F$29,"")
A48: Stoploss 1 | B48: Buy | C48: Stoploss Order | D48: =IF(AND($C$10="Entry Triggered",$E$32="NOT MISSED"),$B$5,"") | E48: =IF(D48="","",$G$32) | F48: =IF(E48="","",ROUND(E48*(1+Settings!$K$9),0)) | H48: =IF(D48="","","9:10 AM") | I48: =IF($C$10="Stoploss 1 Triggered","START FRESH ORDER FROM TOMORROW",IF($C$10="Entry Triggered",$F$32,""))
A49: Stoploss 2 | B49: Buy | C49: Stoploss Order | D49: =IF(AND($C$10="Target Triggered",$E$33="NOT MISSED"),$B$5/2,"") -> 1 | E49: =IF(D49="","",$G$33) -> 152983 | F49: =IF(E49="","",ROUND(E49*(1+Settings!$K$9),0)) -> 153136 | H49: =IF(D49="","","9:10 AM") -> 9:10 AM | I49: =IF($C$10="Stoploss 2 Triggered","START FRESH ORDER FROM TOMORROW",IF($C$10="Target Triggered",$F$33,"")) -> PLACE ORDER AT 9:10 AM
A51: OPERATING CHECK: select A21/A22 setup, B9/B10 position source and C9/C10 trade stage. Only populated ticket rows are actionable; MISSED suppresses that order. | B51: OPERATING CHECK: select the setup and status first, enter opening / 10-minute prices, then act only on populated ticket rows. A MISSED result suppresses the related actionable order. | C51: OPERATING CHECK: select the setup and status first, enter opening / 10-minute prices, then act only on populated ticket rows. A MISSED result suppresses the related actionable order. | D51: OPERATING CHECK: select the setup and status first, enter opening / 10-minute prices, then act only on populated ticket rows. A MISSED result suppresses the related actionable order. | E51: OPERATING CHECK: select the setup and status first, enter opening / 10-minute prices, then act only on populated ticket rows. A MISSED result suppresses the related actionable order. | F51: OPERATING CHECK: select the setup and status first, enter opening / 10-minute prices, then act only on populated ticket rows. A MISSED result suppresses the related actionable order. | G51: OPERATING CHECK: select the setup and status first, enter opening / 10-minute prices, then act only on populated ticket rows. A MISSED result suppresses the related actionable order. | H51: OPERATING CHECK: select the setup and status first, enter opening / 10-minute prices, then act only on populated ticket rows. A MISSED result suppresses the related actionable order. | I51: OPERATING CHECK: select the setup and status first, enter opening / 10-minute prices, then act only on populated ticket rows. A MISSED result suppresses the related actionable order.
A52: OPERATING CHECK: select the setup and status first, enter opening / 10-minute prices, then act only on populated ticket rows. A MISSED result suppresses the related actionable order. | B52: OPERATING CHECK: select the setup and status first, enter opening / 10-minute prices, then act only on populated ticket rows. A MISSED result suppresses the related actionable order. | C52: OPERATING CHECK: select the setup and status first, enter opening / 10-minute prices, then act only on populated ticket rows. A MISSED result suppresses the related actionable order. | D52: OPERATING CHECK: select the setup and status first, enter opening / 10-minute prices, then act only on populated ticket rows. A MISSED result suppresses the related actionable order. | E52: OPERATING CHECK: select the setup and status first, enter opening / 10-minute prices, then act only on populated ticket rows. A MISSED result suppresses the related actionable order. | F52: OPERATING CHECK: select the setup and status first, enter opening / 10-minute prices, then act only on populated ticket rows. A MISSED result suppresses the related actionable order. | G52: OPERATING CHECK: select the setup and status first, enter opening / 10-minute prices, then act only on populated ticket rows. A MISSED result suppresses the related actionable order. | H52: OPERATING CHECK: select the setup and status first, enter opening / 10-minute prices, then act only on populated ticket rows. A MISSED result suppresses the related actionable order. | I52: OPERATING CHECK: select the setup and status first, enter opening / 10-minute prices, then act only on populated ticket rows. A MISSED result suppresses the related actionable order.
A53: TRADING SECRETS ACADEMY PVT LTD | Quality, Trust, Consistency & Ethics
A54: Office Support: Mrs. Sathyavani +91 90425 87730 | Mrs. Suganya +91 80569 25382
A55: Calculations & Live Market Support: Mr. Vanaraja +91 7200575175 | Mr. Gokul +91 7200575154
A56: Registered: Sivaganga 630611 | Head Office: West Tambaram, Chennai 600045

Sheet GOLDTEN Tracking
C1: TRADING SECRETS ACADEMY PVT LTD | D1: TRADING SECRETS ACADEMY PVT LTD | E1: TRADING SECRETS ACADEMY PVT LTD | F1: TRADING SECRETS ACADEMY PVT LTD | G1: TRADING SECRETS ACADEMY PVT LTD | H1: TRADING SECRETS ACADEMY PVT LTD | I1: TRADING SECRETS ACADEMY PVT LTD | J1: TRADING SECRETS ACADEMY PVT LTD | K1: TRADING SECRETS ACADEMY PVT LTD | L1: TRADING SECRETS ACADEMY PVT LTD | M1: TRADING SECRETS ACADEMY PVT LTD | N1: TRADING SECRETS ACADEMY PVT LTD | O1: TRADING SECRETS ACADEMY PVT LTD | P1: TRADING SECRETS ACADEMY PVT LTD | Q1: TRADING SECRETS ACADEMY PVT LTD | R1: TRADING SECRETS ACADEMY PVT LTD | S1: TRADING SECRETS ACADEMY PVT LTD | T1: TRADING SECRETS ACADEMY PVT LTD | U1: TRADING SECRETS ACADEMY PVT LTD | V1: TRADING SECRETS ACADEMY PVT LTD | W1: TRADING SECRETS ACADEMY PVT LTD | X1: MCX GOLDTEN 200-TRADE REGISTER | Y1: MCX GOLDTEN 200-TRADE REGISTER | Z1: MCX GOLDTEN 200-TRADE REGISTER
C2: Quality, Trust, Consistency & Ethics | D2: Quality, Trust, Consistency & Ethics | E2: Quality, Trust, Consistency & Ethics | F2: Quality, Trust, Consistency & Ethics | G2: Quality, Trust, Consistency & Ethics | H2: Quality, Trust, Consistency & Ethics | I2: Quality, Trust, Consistency & Ethics | J2: Quality, Trust, Consistency & Ethics | K2: Quality, Trust, Consistency & Ethics | L2: Quality, Trust, Consistency & Ethics | M2: Quality, Trust, Consistency & Ethics | N2: Quality, Trust, Consistency & Ethics | O2: Quality, Trust, Consistency & Ethics | P2: Quality, Trust, Consistency & Ethics | Q2: Quality, Trust, Consistency & Ethics | R2: Quality, Trust, Consistency & Ethics | S2: Quality, Trust, Consistency & Ethics | T2: Quality, Trust, Consistency & Ethics | U2: Quality, Trust, Consistency & Ethics | V2: Quality, Trust, Consistency & Ethics | W2: Quality, Trust, Consistency & Ethics | X2: MCX GOLDTEN 200-TRADE REGISTER | Y2: MCX GOLDTEN 200-TRADE REGISTER | Z2: MCX GOLDTEN 200-TRADE REGISTER
C3: TRADE TRACKING & PERFORMANCE | D3: TRADE TRACKING & PERFORMANCE | E3: TRADE TRACKING & PERFORMANCE | F3: TRADE TRACKING & PERFORMANCE | G3: TRADE TRACKING & PERFORMANCE | H3: TRADE TRACKING & PERFORMANCE | I3: TRADE TRACKING & PERFORMANCE | J3: TRADE TRACKING & PERFORMANCE | K3: TRADE TRACKING & PERFORMANCE | L3: TRADE TRACKING & PERFORMANCE | M3: TRADE TRACKING & PERFORMANCE | N3: TRADE TRACKING & PERFORMANCE | O3: TRADE TRACKING & PERFORMANCE | P3: TRADE TRACKING & PERFORMANCE | Q3: TRADE TRACKING & PERFORMANCE | R3: TRADE TRACKING & PERFORMANCE | S3: TRADE TRACKING & PERFORMANCE | T3: TRADE TRACKING & PERFORMANCE | U3: TRADE TRACKING & PERFORMANCE | V3: TRADE TRACKING & PERFORMANCE | W3: TRADE TRACKING & PERFORMANCE | X3: MCX GOLDTEN 200-TRADE REGISTER | Y3: MCX GOLDTEN 200-TRADE REGISTER | Z3: MCX GOLDTEN 200-TRADE REGISTER
A4: Licence Number: TSA-MURU-2419 | Name: MURUGAN M | Mail ID: muruganm56789@gmail.com | Contact Number: 8610022419
N5: WORKFLOW 1. Enter trade details and original levels. 2. Enter requested 2-day / 4-day or gap inputs when needed. 3. Select Exit 1 and Exit 2. 4. The sheet calculates each leg and reconciles Total P&L automatically. | O5: WORKFLOW 1. Enter trade details and original levels. 2. Enter requested 2-day / 4-day or gap inputs when needed. 3. Select Exit 1 and Exit 2. 4. The sheet calculates each leg and reconciles Total P&L automatically. | P5: WORKFLOW 1. Enter trade details and original levels. 2. Enter requested 2-day / 4-day or gap inputs when needed. 3. Select Exit 1 and Exit 2. 4. The sheet calculates each leg and reconciles Total P&L automatically. | Q5: WORKFLOW 1. Enter trade details and original levels. 2. Enter requested 2-day / 4-day or gap inputs when needed. 3. Select Exit 1 and Exit 2. 4. The sheet calculates each leg and reconciles Total P&L automatically. | R5: WORKFLOW 1. Enter trade details and original levels. 2. Enter requested 2-day / 4-day or gap inputs when needed. 3. Select Exit 1 and Exit 2. 4. The sheet calculates each leg and reconciles Total P&L automatically. | S5: WORKFLOW 1. Enter trade details and original levels. 2. Enter requested 2-day / 4-day or gap inputs when needed. 3. Select Exit 1 and Exit 2. 4. The sheet calculates each leg and reconciles Total P&L automatically. | T5: WORKFLOW 1. Enter trade details and original levels. 2. Enter requested 2-day / 4-day or gap inputs when needed. 3. Select Exit 1 and Exit 2. 4. The sheet calculates each leg and reconciles Total P&L automatically. | U5: WORKFLOW 1. Enter trade details and original levels. 2. Enter requested 2-day / 4-day or gap inputs when needed. 3. Select Exit 1 and Exit 2. 4. The sheet calculates each leg and reconciles Total P&L automatically. | V5: WORKFLOW 1. Enter trade details and original levels. 2. Enter requested 2-day / 4-day or gap inputs when needed. 3. Select Exit 1 and Exit 2. 4. The sheet calculates each leg and reconciles Total P&L automatically. | W5: WORKFLOW 1. Enter trade details and original levels. 2. Enter requested 2-day / 4-day or gap inputs when needed. 3. Select Exit 1 and Exit 2. 4. The sheet calculates each leg and reconciles Total P&L automatically. | X5: WORKFLOW 1. Enter trade details and original levels. 2. Enter requested 2-day / 4-day or gap inputs when needed. 3. Select Exit 1 and Exit 2. 4. The sheet calculates each leg and reconciles Total P&L automatically. | Y5: WORKFLOW 1. Enter trade details and original levels. 2. Enter requested 2-day / 4-day or gap inputs when needed. 3. Select Exit 1 and Exit 2. 4. The sheet calculates each leg and reconciles Total P&L automatically. | Z5: WORKFLOW 1. Enter trade details and original levels. 2. Enter requested 2-day / 4-day or gap inputs when needed. 3. Select Exit 1 and Exit 2. 4. The sheet calculates each leg and reconciles Total P&L automatically.
F6: OVERALL PERFORMANCE | G6: OVERALL PERFORMANCE | H6: OVERALL PERFORMANCE | J6: TRADE QUALITY | K6: TRADE QUALITY | L6: TRADE QUALITY | N6: WORKFLOW 1. Enter trade details and original levels. 2. Enter requested 2-day / 4-day or gap inputs when needed. 3. Select Exit 1 and Exit 2. 4. The sheet calculates each leg and reconciles Total P&L automatically. | O6: WORKFLOW 1. Enter trade details and original levels. 2. Enter requested 2-day / 4-day or gap inputs when needed. 3. Select Exit 1 and Exit 2. 4. The sheet calculates each leg and reconciles Total P&L automatically. | P6: WORKFLOW 1. Enter trade details and original levels. 2. Enter requested 2-day / 4-day or gap inputs when needed. 3. Select Exit 1 and Exit 2. 4. The sheet calculates each leg and reconciles Total P&L automatically. | Q6: WORKFLOW 1. Enter trade details and original levels. 2. Enter requested 2-day / 4-day or gap inputs when needed. 3. Select Exit 1 and Exit 2. 4. The sheet calculates each leg and reconciles Total P&L automatically. | R6: WORKFLOW 1. Enter trade details and original levels. 2. Enter requested 2-day / 4-day or gap inputs when needed. 3. Select Exit 1 and Exit 2. 4. The sheet calculates each leg and reconciles Total P&L automatically. | S6: WORKFLOW 1. Enter trade details and original levels. 2. Enter requested 2-day / 4-day or gap inputs when needed. 3. Select Exit 1 and Exit 2. 4. The sheet calculates each leg and reconciles Total P&L automatically. | T6: WORKFLOW 1. Enter trade details and original levels. 2. Enter requested 2-day / 4-day or gap inputs when needed. 3. Select Exit 1 and Exit 2. 4. The sheet calculates each leg and reconciles Total P&L automatically. | U6: WORKFLOW 1. Enter trade details and original levels. 2. Enter requested 2-day / 4-day or gap inputs when needed. 3. Select Exit 1 and Exit 2. 4. The sheet calculates each leg and reconciles Total P&L automatically. | V6: WORKFLOW 1. Enter trade details and original levels. 2. Enter requested 2-day / 4-day or gap inputs when needed. 3. Select Exit 1 and Exit 2. 4. The sheet calculates each leg and reconciles Total P&L automatically. | W6: WORKFLOW 1. Enter trade details and original levels. 2. Enter requested 2-day / 4-day or gap inputs when needed. 3. Select Exit 1 and Exit 2. 4. The sheet calculates each leg and reconciles Total P&L automatically. | X6: WORKFLOW 1. Enter trade details and original levels. 2. Enter requested 2-day / 4-day or gap inputs when needed. 3. Select Exit 1 and Exit 2. 4. The sheet calculates each leg and reconciles Total P&L automatically. | Y6: WORKFLOW 1. Enter trade details and original levels. 2. Enter requested 2-day / 4-day or gap inputs when needed. 3. Select Exit 1 and Exit 2. 4. The sheet calculates each leg and reconciles Total P&L automatically. | Z6: WORKFLOW 1. Enter trade details and original levels. 2. Enter requested 2-day / 4-day or gap inputs when needed. 3. Select Exit 1 and Exit 2. 4. The sheet calculates each leg and reconciles Total P&L automatically.
A7: TRADING INPUTS | F7: Capital Used (₹) | H7: 100000 | J7: Winning Trades | L7: =COUNTIF(Y14:Y213,">0") -> 2 | N7: WORKFLOW 1. Enter trade details and original levels. 2. Enter requested 2-day / 4-day or gap inputs when needed. 3. Select Exit 1 and Exit 2. 4. The sheet calculates each leg and reconciles Total P&L automatically. | O7: WORKFLOW 1. Enter trade details and original levels. 2. Enter requested 2-day / 4-day or gap inputs when needed. 3. Select Exit 1 and Exit 2. 4. The sheet calculates each leg and reconciles Total P&L automatically. | P7: WORKFLOW 1. Enter trade details and original levels. 2. Enter requested 2-day / 4-day or gap inputs when needed. 3. Select Exit 1 and Exit 2. 4. The sheet calculates each leg and reconciles Total P&L automatically. | Q7: WORKFLOW 1. Enter trade details and original levels. 2. Enter requested 2-day / 4-day or gap inputs when needed. 3. Select Exit 1 and Exit 2. 4. The sheet calculates each leg and reconciles Total P&L automatically. | R7: WORKFLOW 1. Enter trade details and original levels. 2. Enter requested 2-day / 4-day or gap inputs when needed. 3. Select Exit 1 and Exit 2. 4. The sheet calculates each leg and reconciles Total P&L automatically. | S7: WORKFLOW 1. Enter trade details and original levels. 2. Enter requested 2-day / 4-day or gap inputs when needed. 3. Select Exit 1 and Exit 2. 4. The sheet calculates each leg and reconciles Total P&L automatically. | T7: WORKFLOW 1. Enter trade details and original levels. 2. Enter requested 2-day / 4-day or gap inputs when needed. 3. Select Exit 1 and Exit 2. 4. The sheet calculates each leg and reconciles Total P&L automatically. | U7: WORKFLOW 1. Enter trade details and original levels. 2. Enter requested 2-day / 4-day or gap inputs when needed. 3. Select Exit 1 and Exit 2. 4. The sheet calculates each leg and reconciles Total P&L automatically. | V7: WORKFLOW 1. Enter trade details and original levels. 2. Enter requested 2-day / 4-day or gap inputs when needed. 3. Select Exit 1 and Exit 2. 4. The sheet calculates each leg and reconciles Total P&L automatically. | W7: WORKFLOW 1. Enter trade details and original levels. 2. Enter requested 2-day / 4-day or gap inputs when needed. 3. Select Exit 1 and Exit 2. 4. The sheet calculates each leg and reconciles Total P&L automatically. | X7: WORKFLOW 1. Enter trade details and original levels. 2. Enter requested 2-day / 4-day or gap inputs when needed. 3. Select Exit 1 and Exit 2. 4. The sheet calculates each leg and reconciles Total P&L automatically. | Y7: WORKFLOW 1. Enter trade details and original levels. 2. Enter requested 2-day / 4-day or gap inputs when needed. 3. Select Exit 1 and Exit 2. 4. The sheet calculates each leg and reconciles Total P&L automatically. | Z7: WORKFLOW 1. Enter trade details and original levels. 2. Enter requested 2-day / 4-day or gap inputs when needed. 3. Select Exit 1 and Exit 2. 4. The sheet calculates each leg and reconciles Total P&L automatically.
A8: Number of Lots | C8: 2 | F8: Overall Profit / Loss (₹) | H8: =SUM(Y14:Y213) -> 17529.342 | J8: Losing Trades | L8: =COUNTIF(Y14:Y213,"<0") -> 0 | N8: WORKFLOW 1. Enter trade details and original levels. 2. Enter requested 2-day / 4-day or gap inputs when needed. 3. Select Exit 1 and Exit 2. 4. The sheet calculates each leg and reconciles Total P&L automatically. | O8: WORKFLOW 1. Enter trade details and original levels. 2. Enter requested 2-day / 4-day or gap inputs when needed. 3. Select Exit 1 and Exit 2. 4. The sheet calculates each leg and reconciles Total P&L automatically. | P8: WORKFLOW 1. Enter trade details and original levels. 2. Enter requested 2-day / 4-day or gap inputs when needed. 3. Select Exit 1 and Exit 2. 4. The sheet calculates each leg and reconciles Total P&L automatically. | Q8: WORKFLOW 1. Enter trade details and original levels. 2. Enter requested 2-day / 4-day or gap inputs when needed. 3. Select Exit 1 and Exit 2. 4. The sheet calculates each leg and reconciles Total P&L automatically. | R8: WORKFLOW 1. Enter trade details and original levels. 2. Enter requested 2-day / 4-day or gap inputs when needed. 3. Select Exit 1 and Exit 2. 4. The sheet calculates each leg and reconciles Total P&L automatically. | S8: WORKFLOW 1. Enter trade details and original levels. 2. Enter requested 2-day / 4-day or gap inputs when needed. 3. Select Exit 1 and Exit 2. 4. The sheet calculates each leg and reconciles Total P&L automatically. | T8: WORKFLOW 1. Enter trade details and original levels. 2. Enter requested 2-day / 4-day or gap inputs when needed. 3. Select Exit 1 and Exit 2. 4. The sheet calculates each leg and reconciles Total P&L automatically. | U8: WORKFLOW 1. Enter trade details and original levels. 2. Enter requested 2-day / 4-day or gap inputs when needed. 3. Select Exit 1 and Exit 2. 4. The sheet calculates each leg and reconciles Total P&L automatically. | V8: WORKFLOW 1. Enter trade details and original levels. 2. Enter requested 2-day / 4-day or gap inputs when needed. 3. Select Exit 1 and Exit 2. 4. The sheet calculates each leg and reconciles Total P&L automatically. | W8: WORKFLOW 1. Enter trade details and original levels. 2. Enter requested 2-day / 4-day or gap inputs when needed. 3. Select Exit 1 and Exit 2. 4. The sheet calculates each leg and reconciles Total P&L automatically. | X8: WORKFLOW 1. Enter trade details and original levels. 2. Enter requested 2-day / 4-day or gap inputs when needed. 3. Select Exit 1 and Exit 2. 4. The sheet calculates each leg and reconciles Total P&L automatically. | Y8: WORKFLOW 1. Enter trade details and original levels. 2. Enter requested 2-day / 4-day or gap inputs when needed. 3. Select Exit 1 and Exit 2. 4. The sheet calculates each leg and reconciles Total P&L automatically. | Z8: WORKFLOW 1. Enter trade details and original levels. 2. Enter requested 2-day / 4-day or gap inputs when needed. 3. Select Exit 1 and Exit 2. 4. The sheet calculates each leg and reconciles Total P&L automatically.
A9: Lot Size | C9: 1 | F9: Return % | H9: =IF(OR(H7="",H7<=0),"",H8/H7) -> 0.17529342 | J9: Win Rate | L9: =IF(H10=0,"",L7/H10) -> 1 | N9: WORKFLOW 1. Enter trade details and original levels. 2. Enter requested 2-day / 4-day or gap inputs when needed. 3. Select Exit 1 and Exit 2. 4. The sheet calculates each leg and reconciles Total P&L automatically. | O9: WORKFLOW 1. Enter trade details and original levels. 2. Enter requested 2-day / 4-day or gap inputs when needed. 3. Select Exit 1 and Exit 2. 4. The sheet calculates each leg and reconciles Total P&L automatically. | P9: WORKFLOW 1. Enter trade details and original levels. 2. Enter requested 2-day / 4-day or gap inputs when needed. 3. Select Exit 1 and Exit 2. 4. The sheet calculates each leg and reconciles Total P&L automatically. | Q9: WORKFLOW 1. Enter trade details and original levels. 2. Enter requested 2-day / 4-day or gap inputs when needed. 3. Select Exit 1 and Exit 2. 4. The sheet calculates each leg and reconciles Total P&L automatically. | R9: WORKFLOW 1. Enter trade details and original levels. 2. Enter requested 2-day / 4-day or gap inputs when needed. 3. Select Exit 1 and Exit 2. 4. The sheet calculates each leg and reconciles Total P&L automatically. | S9: WORKFLOW 1. Enter trade details and original levels. 2. Enter requested 2-day / 4-day or gap inputs when needed. 3. Select Exit 1 and Exit 2. 4. The sheet calculates each leg and reconciles Total P&L automatically. | T9: WORKFLOW 1. Enter trade details and original levels. 2. Enter requested 2-day / 4-day or gap inputs when needed. 3. Select Exit 1 and Exit 2. 4. The sheet calculates each leg and reconciles Total P&L automatically. | U9: WORKFLOW 1. Enter trade details and original levels. 2. Enter requested 2-day / 4-day or gap inputs when needed. 3. Select Exit 1 and Exit 2. 4. The sheet calculates each leg and reconciles Total P&L automatically. | V9: WORKFLOW 1. Enter trade details and original levels. 2. Enter requested 2-day / 4-day or gap inputs when needed. 3. Select Exit 1 and Exit 2. 4. The sheet calculates each leg and reconciles Total P&L automatically. | W9: WORKFLOW 1. Enter trade details and original levels. 2. Enter requested 2-day / 4-day or gap inputs when needed. 3. Select Exit 1 and Exit 2. 4. The sheet calculates each leg and reconciles Total P&L automatically. | X9: WORKFLOW 1. Enter trade details and original levels. 2. Enter requested 2-day / 4-day or gap inputs when needed. 3. Select Exit 1 and Exit 2. 4. The sheet calculates each leg and reconciles Total P&L automatically. | Y9: WORKFLOW 1. Enter trade details and original levels. 2. Enter requested 2-day / 4-day or gap inputs when needed. 3. Select Exit 1 and Exit 2. 4. The sheet calculates each leg and reconciles Total P&L automatically. | Z9: WORKFLOW 1. Enter trade details and original levels. 2. Enter requested 2-day / 4-day or gap inputs when needed. 3. Select Exit 1 and Exit 2. 4. The sheet calculates each leg and reconciles Total P&L automatically.
F10: Completed Trades | H10: =COUNT(Y14:Y213) -> 2 | J10: Open / Incomplete | L10: =MAX(0,COUNTA(D14:D213)-H10) -> 1
A12: TRADE DETAILS | B12: TRADE DETAILS | C12: TRADE DETAILS | D12: TRADE DETAILS | E12: TRADE DETAILS | F12: TRADE DETAILS | G12: TRADE DETAILS | H12: TRADE DETAILS | I12: STOP-LOSS RECALCULATION | J12: STOP-LOSS RECALCULATION | K12: STOP-LOSS RECALCULATION | L12: STOP-LOSS RECALCULATION | M12: STOP-LOSS RECALCULATION | N12: STOP-LOSS RECALCULATION | O12: STOP-LOSS RECALCULATION | P12: STOP-LOSS RECALCULATION | Q12: STOP-LOSS RECALCULATION | R12: STOP-LOSS RECALCULATION | S12: STOP-LOSS RECALCULATION | T12: STOP-LOSS RECALCULATION | U12: EXIT RESULTS | V12: EXIT RESULTS | W12: EXIT RESULTS | X12: EXIT RESULTS | Y12: FINAL RESULT | Z12: FINAL RESULT
A13: S.No | B13: Date | C13: Contract | D13: Trade Buy or Sell | E13: Entry | F13: Target | G13: Stoploss 1 | H13: Stoploss 2 | I13: SL1 Required Input | J13: SL1 Recalculation Input | K13: Stoploss 1 Recalculation | L13: SL2 Required Input | M13: SL2 Recalculation Input | N13: Stoploss 2 Recalculation | O13: Gap SL1 Required Input | P13: Gap SL1 Input | Q13: Gap Stoploss 1 Calculation | R13: Gap SL2 Required Input | S13: Gap SL2 Input | T13: Gap Stoploss 2 Calculation | U13: Exit 1 Selection | V13: Exit 1 Profit & Loss | W13: Exit 2 Selection | X13: Exit 2 Profit & Loss | Y13: Total P&L | Z13: Rollover Price
A14: 1 | B14: 46239 | C14: SEP | D14: Buy | E14: 145964.95 | F14: 148154.42 | G14: 143775.47 | H14: 143775.47 | I14: =IF(D14="Buy","Enter New 2DLL",IF(D14="Sell","Enter New 2DHH","")) -> Enter New 2DLL | K14: =IF(OR(D14="",E14=""),"",IF(J14="",G14,IF(D14="Buy",MROUND(MAX(E14*(1-Settings!$K$8),J14*(1-Settings!$K$6)),Settings!$K$10),MROUND(MIN(E14*(1+Settings!$K$8),J14*(1+Settings!$K$6)),Settings!$K$10)))) -> 143775.47 | L14: =IF(D14="Buy","Enter New 4DLL",IF(D14="Sell","Enter New 4DHH","")) -> Enter New 4DLL | M14: 159112 | N14: =IF(OR(D14="",E14=""),"",IF(M14="",H14,IF(D14="Buy",MROUND(MAX(E14*(1-Settings!$K$8),M14*(1-Settings!$K$6)),Settings!$K$10),MROUND(MIN(E14*(1+Settings!$K$8),M14*(1+Settings!$K$6)),Settings!$K$10)))) -> 158921 | O14: =IF(D14="Buy","Enter First 15-Minute Low",IF(D14="Sell","Enter First 15-Minute High","")) -> Enter First 15-Minute Low | Q14: =IF(OR(D14="",P14=""),"",IF(D14="Buy",MROUND(P14*(1-Settings!$K$6),Settings!$K$10),MROUND(P14*(1+Settings!$K$6),Settings!$K$10))) | R14: =IF(D14="Buy","Enter First 15-Minute Low",IF(D14="Sell","Enter First 15-Minute High","")) -> Enter First 15-Minute Low | T14: =IF(OR(D14="",S14=""),"",IF(D14="Buy",MROUND(S14*(1-Settings!$K$6),Settings!$K$10),MROUND(S14*(1+Settings!$K$6),Settings!$K$10))) | U14: Target Hit | V14: =IF(OR(D14="",E14="",U14="",$C$8="",$C$9=""),"",IF(U14="Target Hit",IF(F14="","",IF(D14="Buy",(F14-E14)*($C$8/2)*$C$9,(E14-F14)*($C$8/2)*$C$9)),IF(U14="Rollover",IF(Z14="","",IF(D14="Buy",(Z14-E14)*$C$8*$C$9,(E14-Z14)*$C$8*$C$9)),IF(U14="Stoploss 1 Hit",IF(K14="","",IF(D14="Buy",(K14-E14)*$C$8*$C$9,(E14-K14)*$C$8*$C$9)),IF(OR(AND(D14="Buy",U14="Gap Down Stoploss 1 Hit"),AND(D14="Sell",U14="Gap Up Stoploss 1 Hit")),IF(Q14="","",IF(D14="Buy",(Q14-E14)*$C$8*$C$9,(E14-Q14)*$C$8*$C$9)),""))))) -> 2189.4742 | W14: Stoploss 2 Hit | X14: =IF(OR(D14="",E14="",U14<>"Target Hit",W14="",$C$8="",$C$9=""),"",IF(W14="Stoploss 2 Hit",IF(N14="","",IF(D14="Buy",(N14-E14)*($C$8/2)*$C$9,(E14-N14)*($C$8/2)*$C$9)),IF(W14="Rollover",IF(Z14="","",IF(D14="Buy",(Z14-E14)*($C$8/2)*$C$9,(E14-Z14)*($C$8/2)*$C$9)),IF(OR(AND(D14="Buy",W14="Gap Down Stoploss 2 Hit"),AND(D14="Sell",W14="Gap Up Stoploss 2 Hit")),IF(T14="","",IF(D14="Buy",(T14-E14)*($C$8/2)*$C$9,(E14-T14)*($C$8/2)*$C$9)),"")))) -> 12956.052 | Y14: =IF(AND(V14="",X14=""),"",SUM(V14,X14)) -> 15145.526 | Z14: 146965
A15: 2 | B15: 46261 | C15: SEP | D15: Sell | E15: 158921.07 | F15: 156537.25 | G15: 161304.88 | H15: 161304.88 | I15: =IF(D15="Buy","Enter New 2DLL",IF(D15="Sell","Enter New 2DHH","")) -> Enter New 2DHH | K15: =IF(OR(D15="",E15=""),"",IF(J15="",G15,IF(D15="Buy",MROUND(MAX(E15*(1-Settings!$K$8),J15*(1-Settings!$K$6)),Settings!$K$10),MROUND(MIN(E15*(1+Settings!$K$8),J15*(1+Settings!$K$6)),Settings!$K$10)))) -> 161304.88 | L15: =IF(D15="Buy","Enter New 4DLL",IF(D15="Sell","Enter New 4DHH","")) -> Enter New 4DHH | M15: 154148 | N15: =IF(OR(D15="",E15=""),"",IF(M15="",H15,IF(D15="Buy",MROUND(MAX(E15*(1-Settings!$K$8),M15*(1-Settings!$K$6)),Settings!$K$10),MROUND(MIN(E15*(1+Settings!$K$8),M15*(1+Settings!$K$6)),Settings!$K$10)))) -> 154333 | O15: =IF(D15="Buy","Enter First 15-Minute Low",IF(D15="Sell","Enter First 15-Minute High","")) -> Enter First 15-Minute High | Q15: =IF(OR(D15="",P15=""),"",IF(D15="Buy",MROUND(P15*(1-Settings!$K$6),Settings!$K$10),MROUND(P15*(1+Settings!$K$6),Settings!$K$10))) | R15: =IF(D15="Buy","Enter First 15-Minute Low",IF(D15="Sell","Enter First 15-Minute High","")) -> Enter First 15-Minute High | T15: =IF(OR(D15="",S15=""),"",IF(D15="Buy",MROUND(S15*(1-Settings!$K$6),Settings!$K$10),MROUND(S15*(1+Settings!$K$6),Settings!$K$10))) | U15: Target Hit | V15: =IF(OR(D15="",E15="",U15="",$C$8="",$C$9=""),"",IF(U15="Target Hit",IF(F15="","",IF(D15="Buy",(F15-E15)*($C$8/2)*$C$9,(E15-F15)*($C$8/2)*$C$9)),IF(U15="Rollover",IF(Z15="","",IF(D15="Buy",(Z15-E15)*$C$8*$C$9,(E15-Z15)*$C$8*$C$9)),IF(U15="Stoploss 1 Hit",IF(K15="","",IF(D15="Buy",(K15-E15)*$C$8*$C$9,(E15-K15)*$C$8*$C$9)),IF(OR(AND(D15="Buy",U15="Gap Down Stoploss 1 Hit"),AND(D15="Sell",U15="Gap Up Stoploss 1 Hit")),IF(Q15="","",IF(D15="Buy",(Q15-E15)*$C$8*$C$9,(E15-Q15)*$C$8*$C$9)),""))))) -> 2383.816 | X15: =IF(OR(D15="",E15="",U15<>"Target Hit",W15="",$C$8="",$C$9=""),"",IF(W15="Stoploss 2 Hit",IF(N15="","",IF(D15="Buy",(N15-E15)*($C$8/2)*$C$9,(E15-N15)*($C$8/2)*$C$9)),IF(W15="Rollover",IF(Z15="","",IF(D15="Buy",(Z15-E15)*($C$8/2)*$C$9,(E15-Z15)*($C$8/2)*$C$9)),IF(OR(AND(D15="Buy",W15="Gap Down Stoploss 2 Hit"),AND(D15="Sell",W15="Gap Up Stoploss 2 Hit")),IF(T15="","",IF(D15="Buy",(T15-E15)*($C$8/2)*$C$9,(E15-T15)*($C$8/2)*$C$9)),"")))) | Y15: =IF(AND(V15="",X15=""),"",SUM(V15,X15)) -> 2383.816
A16: 3 | B16: 46283 | C16: OCT | D16: Sell | E16: 149929.87 | F16: 147680.92 | G16: 152178.82 | H16: 152178.82 | I16: =IF(D16="Buy","Enter New 2DLL",IF(D16="Sell","Enter New 2DHH","")) -> Enter New 2DHH | K16: =IF(OR(D16="",E16=""),"",IF(J16="",G16,IF(D16="Buy",MROUND(MAX(E16*(1-Settings!$K$8),J16*(1-Settings!$K$6)),Settings!$K$10),MROUND(MIN(E16*(1+Settings!$K$8),J16*(1+Settings!$K$6)),Settings!$K$10)))) -> 152178.82 | L16: =IF(D16="Buy","Enter New 4DLL",IF(D16="Sell","Enter New 4DHH","")) -> Enter New 4DHH | N16: =IF(OR(D16="",E16=""),"",IF(M16="",H16,IF(D16="Buy",MROUND(MAX(E16*(1-Settings!$K$8),M16*(1-Settings!$K$6)),Settings!$K$10),MROUND(MIN(E16*(1+Settings!$K$8),M16*(1+Settings!$K$6)),Settings!$K$10)))) -> 152178.82 | O16: =IF(D16="Buy","Enter First 15-Minute Low",IF(D16="Sell","Enter First 15-Minute High","")) -> Enter First 15-Minute High | P16: 152400 | Q16: =IF(OR(D16="",P16=""),"",IF(D16="Buy",MROUND(P16*(1-Settings!$K$6),Settings!$K$10),MROUND(P16*(1+Settings!$K$6),Settings!$K$10))) -> 152583 | R16: =IF(D16="Buy","Enter First 15-Minute Low",IF(D16="Sell","Enter First 15-Minute High","")) -> Enter First 15-Minute High | S16: 152800 | T16: =IF(OR(D16="",S16=""),"",IF(D16="Buy",MROUND(S16*(1-Settings!$K$6),Settings!$K$10),MROUND(S16*(1+Settings!$K$6),Settings!$K$10))) -> 152983 | V16: =IF(OR(D16="",E16="",U16="",$C$8="",$C$9=""),"",IF(U16="Target Hit",IF(F16="","",IF(D16="Buy",(F16-E16)*($C$8/2)*$C$9,(E16-F16)*($C$8/2)*$C$9)),IF(U16="Rollover",IF(Z16="","",IF(D16="Buy",(Z16-E16)*$C$8*$C$9,(E16-Z16)*$C$8*$C$9)),IF(U16="Stoploss 1 Hit",IF(K16="","",IF(D16="Buy",(K16-E16)*$C$8*$C$9,(E16-K16)*$C$8*$C$9)),IF(OR(AND(D16="Buy",U16="Gap Down Stoploss 1 Hit"),AND(D16="Sell",U16="Gap Up Stoploss 1 Hit")),IF(Q16="","",IF(D16="Buy",(Q16-E16)*$C$8*$C$9,(E16-Q16)*$C$8*$C$9)),""))))) | X16: =IF(OR(D16="",E16="",U16<>"Target Hit",W16="",$C$8="",$C$9=""),"",IF(W16="Stoploss 2 Hit",IF(N16="","",IF(D16="Buy",(N16-E16)*($C$8/2)*$C$9,(E16-N16)*($C$8/2)*$C$9)),IF(W16="Rollover",IF(Z16="","",IF(D16="Buy",(Z16-E16)*($C$8/2)*$C$9,(E16-Z16)*($C$8/2)*$C$9)),IF(OR(AND(D16="Buy",W16="Gap Down Stoploss 2 Hit"),AND(D16="Sell",W16="Gap Up Stoploss 2 Hit")),IF(T16="","",IF(D16="Buy",(T16-E16)*($C$8/2)*$C$9,(E16-T16)*($C$8/2)*$C$9)),"")))) | Y16: =IF(AND(V16="",X16=""),"",SUM(V16,X16))
A17: 4 | I17: =IF(D17="Buy","Enter New 2DLL",IF(D17="Sell","Enter New 2DHH","")) | K17: =IF(OR(D17="",E17=""),"",IF(J17="",G17,IF(D17="Buy",MROUND(MAX(E17*(1-Settings!$K$8),J17*(1-Settings!$K$6)),Settings!$K$10),MROUND(MIN(E17*(1+Settings!$K$8),J17*(1+Settings!$K$6)),Settings!$K$10)))) | L17: =IF(D17="Buy","Enter New 4DLL",IF(D17="Sell","Enter New 4DHH","")) | N17: =IF(OR(D17="",E17=""),"",IF(M17="",H17,IF(D17="Buy",MROUND(MAX(E17*(1-Settings!$K$8),M17*(1-Settings!$K$6)),Settings!$K$10),MROUND(MIN(E17*(1+Settings!$K$8),M17*(1+Settings!$K$6)),Settings!$K$10)))) | O17: =IF(D17="Buy","Enter First 15-Minute Low",IF(D17="Sell","Enter First 15-Minute High","")) | Q17: =IF(OR(D17="",P17=""),"",IF(D17="Buy",MROUND(P17*(1-Settings!$K$6),Settings!$K$10),MROUND(P17*(1+Settings!$K$6),Settings!$K$10))) | R17: =IF(D17="Buy","Enter First 15-Minute Low",IF(D17="Sell","Enter First 15-Minute High","")) | T17: =IF(OR(D17="",S17=""),"",IF(D17="Buy",MROUND(S17*(1-Settings!$K$6),Settings!$K$10),MROUND(S17*(1+Settings!$K$6),Settings!$K$10))) | V17: =IF(OR(D17="",E17="",U17="",$C$8="",$C$9=""),"",IF(U17="Target Hit",IF(F17="","",IF(D17="Buy",(F17-E17)*($C$8/2)*$C$9,(E17-F17)*($C$8/2)*$C$9)),IF(U17="Rollover",IF(Z17="","",IF(D17="Buy",(Z17-E17)*$C$8*$C$9,(E17-Z17)*$C$8*$C$9)),IF(U17="Stoploss 1 Hit",IF(K17="","",IF(D17="Buy",(K17-E17)*$C$8*$C$9,(E17-K17)*$C$8*$C$9)),IF(OR(AND(D17="Buy",U17="Gap Down Stoploss 1 Hit"),AND(D17="Sell",U17="Gap Up Stoploss 1 Hit")),IF(Q17="","",IF(D17="Buy",(Q17-E17)*$C$8*$C$9,(E17-Q17)*$C$8*$C$9)),""))))) | X17: =IF(OR(D17="",E17="",U17<>"Target Hit",W17="",$C$8="",$C$9=""),"",IF(W17="Stoploss 2 Hit",IF(N17="","",IF(D17="Buy",(N17-E17)*($C$8/2)*$C$9,(E17-N17)*($C$8/2)*$C$9)),IF(W17="Rollover",IF(Z17="","",IF(D17="Buy",(Z17-E17)*($C$8/2)*$C$9,(E17-Z17)*($C$8/2)*$C$9)),IF(OR(AND(D17="Buy",W17="Gap Down Stoploss 2 Hit"),AND(D17="Sell",W17="Gap Up Stoploss 2 Hit")),IF(T17="","",IF(D17="Buy",(T17-E17)*($C$8/2)*$C$9,(E17-T17)*($C$8/2)*$C$9)),"")))) | Y17: =IF(AND(V17="",X17=""),"",SUM(V17,X17))
A18: 5 | I18: =IF(D18="Buy","Enter New 2DLL",IF(D18="Sell","Enter New 2DHH","")) | K18: =IF(OR(D18="",E18=""),"",IF(J18="",G18,IF(D18="Buy",MROUND(MAX(E18*(1-Settings!$K$8),J18*(1-Settings!$K$6)),Settings!$K$10),MROUND(MIN(E18*(1+Settings!$K$8),J18*(1+Settings!$K$6)),Settings!$K$10)))) | L18: =IF(D18="Buy","Enter New 4DLL",IF(D18="Sell","Enter New 4DHH","")) | N18: =IF(OR(D18="",E18=""),"",IF(M18="",H18,IF(D18="Buy",MROUND(MAX(E18*(1-Settings!$K$8),M18*(1-Settings!$K$6)),Settings!$K$10),MROUND(MIN(E18*(1+Settings!$K$8),M18*(1+Settings!$K$6)),Settings!$K$10)))) | O18: =IF(D18="Buy","Enter First 15-Minute Low",IF(D18="Sell","Enter First 15-Minute High","")) | Q18: =IF(OR(D18="",P18=""),"",IF(D18="Buy",MROUND(P18*(1-Settings!$K$6),Settings!$K$10),MROUND(P18*(1+Settings!$K$6),Settings!$K$10))) | R18: =IF(D18="Buy","Enter First 15-Minute Low",IF(D18="Sell","Enter First 15-Minute High","")) | T18: =IF(OR(D18="",S18=""),"",IF(D18="Buy",MROUND(S18*(1-Settings!$K$6),Settings!$K$10),MROUND(S18*(1+Settings!$K$6),Settings!$K$10))) | V18: =IF(OR(D18="",E18="",U18="",$C$8="",$C$9=""),"",IF(U18="Target Hit",IF(F18="","",IF(D18="Buy",(F18-E18)*($C$8/2)*$C$9,(E18-F18)*($C$8/2)*$C$9)),IF(U18="Rollover",IF(Z18="","",IF(D18="Buy",(Z18-E18)*$C$8*$C$9,(E18-Z18)*$C$8*$C$9)),IF(U18="Stoploss 1 Hit",IF(K18="","",IF(D18="Buy",(K18-E18)*$C$8*$C$9,(E18-K18)*$C$8*$C$9)),IF(OR(AND(D18="Buy",U18="Gap Down Stoploss 1 Hit"),AND(D18="Sell",U18="Gap Up Stoploss 1 Hit")),IF(Q18="","",IF(D18="Buy",(Q18-E18)*$C$8*$C$9,(E18-Q18)*$C$8*$C$9)),""))))) | X18: =IF(OR(D18="",E18="",U18<>"Target Hit",W18="",$C$8="",$C$9=""),"",IF(W18="Stoploss 2 Hit",IF(N18="","",IF(D18="Buy",(N18-E18)*($C$8/2)*$C$9,(E18-N18)*($C$8/2)*$C$9)),IF(W18="Rollover",IF(Z18="","",IF(D18="Buy",(Z18-E18)*($C$8/2)*$C$9,(E18-Z18)*($C$8/2)*$C$9)),IF(OR(AND(D18="Buy",W18="Gap Down Stoploss 2 Hit"),AND(D18="Sell",W18="Gap Up Stoploss 2 Hit")),IF(T18="","",IF(D18="Buy",(T18-E18)*($C$8/2)*$C$9,(E18-T18)*($C$8/2)*$C$9)),"")))) | Y18: =IF(AND(V18="",X18=""),"",SUM(V18,X18))
A19: 6 | I19: =IF(D19="Buy","Enter New 2DLL",IF(D19="Sell","Enter New 2DHH","")) | K19: =IF(OR(D19="",E19=""),"",IF(J19="",G19,IF(D19="Buy",MROUND(MAX(E19*(1-Settings!$K$8),J19*(1-Settings!$K$6)),Settings!$K$10),MROUND(MIN(E19*(1+Settings!$K$8),J19*(1+Settings!$K$6)),Settings!$K$10)))) | L19: =IF(D19="Buy","Enter New 4DLL",IF(D19="Sell","Enter New 4DHH","")) | N19: =IF(OR(D19="",E19=""),"",IF(M19="",H19,IF(D19="Buy",MROUND(MAX(E19*(1-Settings!$K$8),M19*(1-Settings!$K$6)),Settings!$K$10),MROUND(MIN(E19*(1+Settings!$K$8),M19*(1+Settings!$K$6)),Settings!$K$10)))) | O19: =IF(D19="Buy","Enter First 15-Minute Low",IF(D19="Sell","Enter First 15-Minute High","")) | Q19: =IF(OR(D19="",P19=""),"",IF(D19="Buy",MROUND(P19*(1-Settings!$K$6),Settings!$K$10),MROUND(P19*(1+Settings!$K$6),Settings!$K$10))) | R19: =IF(D19="Buy","Enter First 15-Minute Low",IF(D19="Sell","Enter First 15-Minute High","")) | T19: =IF(OR(D19="",S19=""),"",IF(D19="Buy",MROUND(S19*(1-Settings!$K$6),Settings!$K$10),MROUND(S19*(1+Settings!$K$6),Settings!$K$10))) | V19: =IF(OR(D19="",E19="",U19="",$C$8="",$C$9=""),"",IF(U19="Target Hit",IF(F19="","",IF(D19="Buy",(F19-E19)*($C$8/2)*$C$9,(E19-F19)*($C$8/2)*$C$9)),IF(U19="Rollover",IF(Z19="","",IF(D19="Buy",(Z19-E19)*$C$8*$C$9,(E19-Z19)*$C$8*$C$9)),IF(U19="Stoploss 1 Hit",IF(K19="","",IF(D19="Buy",(K19-E19)*$C$8*$C$9,(E19-K19)*$C$8*$C$9)),IF(OR(AND(D19="Buy",U19="Gap Down Stoploss 1 Hit"),AND(D19="Sell",U19="Gap Up Stoploss 1 Hit")),IF(Q19="","",IF(D19="Buy",(Q19-E19)*$C$8*$C$9,(E19-Q19)*$C$8*$C$9)),""))))) | X19: =IF(OR(D19="",E19="",U19<>"Target Hit",W19="",$C$8="",$C$9=""),"",IF(W19="Stoploss 2 Hit",IF(N19="","",IF(D19="Buy",(N19-E19)*($C$8/2)*$C$9,(E19-N19)*($C$8/2)*$C$9)),IF(W19="Rollover",IF(Z19="","",IF(D19="Buy",(Z19-E19)*($C$8/2)*$C$9,(E19-Z19)*($C$8/2)*$C$9)),IF(OR(AND(D19="Buy",W19="Gap Down Stoploss 2 Hit"),AND(D19="Sell",W19="Gap Up Stoploss 2 Hit")),IF(T19="","",IF(D19="Buy",(T19-E19)*($C$8/2)*$C$9,(E19-T19)*($C$8/2)*$C$9)),"")))) | Y19: =IF(AND(V19="",X19=""),"",SUM(V19,X19))
A20: 7 | I20: =IF(D20="Buy","Enter New 2DLL",IF(D20="Sell","Enter New 2DHH","")) | K20: =IF(OR(D20="",E20=""),"",IF(J20="",G20,IF(D20="Buy",MROUND(MAX(E20*(1-Settings!$K$8),J20*(1-Settings!$K$6)),Settings!$K$10),MROUND(MIN(E20*(1+Settings!$K$8),J20*(1+Settings!$K$6)),Settings!$K$10)))) | L20: =IF(D20="Buy","Enter New 4DLL",IF(D20="Sell","Enter New 4DHH","")) | N20: =IF(OR(D20="",E20=""),"",IF(M20="",H20,IF(D20="Buy",MROUND(MAX(E20*(1-Settings!$K$8),M20*(1-Settings!$K$6)),Settings!$K$10),MROUND(MIN(E20*(1+Settings!$K$8),M20*(1+Settings!$K$6)),Settings!$K$10)))) | O20: =IF(D20="Buy","Enter First 15-Minute Low",IF(D20="Sell","Enter First 15-Minute High","")) | Q20: =IF(OR(D20="",P20=""),"",IF(D20="Buy",MROUND(P20*(1-Settings!$K$6),Settings!$K$10),MROUND(P20*(1+Settings!$K$6),Settings!$K$10))) | R20: =IF(D20="Buy","Enter First 15-Minute Low",IF(D20="Sell","Enter First 15-Minute High","")) | T20: =IF(OR(D20="",S20=""),"",IF(D20="Buy",MROUND(S20*(1-Settings!$K$6),Settings!$K$10),MROUND(S20*(1+Settings!$K$6),Settings!$K$10))) | V20: =IF(OR(D20="",E20="",U20="",$C$8="",$C$9=""),"",IF(U20="Target Hit",IF(F20="","",IF(D20="Buy",(F20-E20)*($C$8/2)*$C$9,(E20-F20)*($C$8/2)*$C$9)),IF(U20="Rollover",IF(Z20="","",IF(D20="Buy",(Z20-E20)*$C$8*$C$9,(E20-Z20)*$C$8*$C$9)),IF(U20="Stoploss 1 Hit",IF(K20="","",IF(D20="Buy",(K20-E20)*$C$8*$C$9,(E20-K20)*$C$8*$C$9)),IF(OR(AND(D20="Buy",U20="Gap Down Stoploss 1 Hit"),AND(D20="Sell",U20="Gap Up Stoploss 1 Hit")),IF(Q20="","",IF(D20="Buy",(Q20-E20)*$C$8*$C$9,(E20-Q20)*$C$8*$C$9)),""))))) | X20: =IF(OR(D20="",E20="",U20<>"Target Hit",W20="",$C$8="",$C$9=""),"",IF(W20="Stoploss 2 Hit",IF(N20="","",IF(D20="Buy",(N20-E20)*($C$8/2)*$C$9,(E20-N20)*($C$8/2)*$C$9)),IF(W20="Rollover",IF(Z20="","",IF(D20="Buy",(Z20-E20)*($C$8/2)*$C$9,(E20-Z20)*($C$8/2)*$C$9)),IF(OR(AND(D20="Buy",W20="Gap Down Stoploss 2 Hit"),AND(D20="Sell",W20="Gap Up Stoploss 2 Hit")),IF(T20="","",IF(D20="Buy",(T20-E20)*($C$8/2)*$C$9,(E20-T20)*($C$8/2)*$C$9)),"")))) | Y20: =IF(AND(V20="",X20=""),"",SUM(V20,X20))
A21: 8 | I21: =IF(D21="Buy","Enter New 2DLL",IF(D21="Sell","Enter New 2DHH","")) | K21: =IF(OR(D21="",E21=""),"",IF(J21="",G21,IF(D21="Buy",MROUND(MAX(E21*(1-Settings!$K$8),J21*(1-Settings!$K$6)),Settings!$K$10),MROUND(MIN(E21*(1+Settings!$K$8),J21*(1+Settings!$K$6)),Settings!$K$10)))) | L21: =IF(D21="Buy","Enter New 4DLL",IF(D21="Sell","Enter New 4DHH","")) | N21: =IF(OR(D21="",E21=""),"",IF(M21="",H21,IF(D21="Buy",MROUND(MAX(E21*(1-Settings!$K$8),M21*(1-Settings!$K$6)),Settings!$K$10),MROUND(MIN(E21*(1+Settings!$K$8),M21*(1+Settings!$K$6)),Settings!$K$10)))) | O21: =IF(D21="Buy","Enter First 15-Minute Low",IF(D21="Sell","Enter First 15-Minute High","")) | Q21: =IF(OR(D21="",P21=""),"",IF(D21="Buy",MROUND(P21*(1-Settings!$K$6),Settings!$K$10),MROUND(P21*(1+Settings!$K$6),Settings!$K$10))) | R21: =IF(D21="Buy","Enter First 15-Minute Low",IF(D21="Sell","Enter First 15-Minute High","")) | T21: =IF(OR(D21="",S21=""),"",IF(D21="Buy",MROUND(S21*(1-Settings!$K$6),Settings!$K$10),MROUND(S21*(1+Settings!$K$6),Settings!$K$10))) | V21: =IF(OR(D21="",E21="",U21="",$C$8="",$C$9=""),"",IF(U21="Target Hit",IF(F21="","",IF(D21="Buy",(F21-E21)*($C$8/2)*$C$9,(E21-F21)*($C$8/2)*$C$9)),IF(U21="Rollover",IF(Z21="","",IF(D21="Buy",(Z21-E21)*$C$8*$C$9,(E21-Z21)*$C$8*$C$9)),IF(U21="Stoploss 1 Hit",IF(K21="","",IF(D21="Buy",(K21-E21)*$C$8*$C$9,(E21-K21)*$C$8*$C$9)),IF(OR(AND(D21="Buy",U21="Gap Down Stoploss 1 Hit"),AND(D21="Sell",U21="Gap Up Stoploss 1 Hit")),IF(Q21="","",IF(D21="Buy",(Q21-E21)*$C$8*$C$9,(E21-Q21)*$C$8*$C$9)),""))))) | X21: =IF(OR(D21="",E21="",U21<>"Target Hit",W21="",$C$8="",$C$9=""),"",IF(W21="Stoploss 2 Hit",IF(N21="","",IF(D21="Buy",(N21-E21)*($C$8/2)*$C$9,(E21-N21)*($C$8/2)*$C$9)),IF(W21="Rollover",IF(Z21="","",IF(D21="Buy",(Z21-E21)*($C$8/2)*$C$9,(E21-Z21)*($C$8/2)*$C$9)),IF(OR(AND(D21="Buy",W21="Gap Down Stoploss 2 Hit"),AND(D21="Sell",W21="Gap Up Stoploss 2 Hit")),IF(T21="","",IF(D21="Buy",(T21-E21)*($C$8/2)*$C$9,(E21-T21)*($C$8/2)*$C$9)),"")))) | Y21: =IF(AND(V21="",X21=""),"",SUM(V21,X21))
A22: 9 | I22: =IF(D22="Buy","Enter New 2DLL",IF(D22="Sell","Enter New 2DHH","")) | K22: =IF(OR(D22="",E22=""),"",IF(J22="",G22,IF(D22="Buy",MROUND(MAX(E22*(1-Settings!$K$8),J22*(1-Settings!$K$6)),Settings!$K$10),MROUND(MIN(E22*(1+Settings!$K$8),J22*(1+Settings!$K$6)),Settings!$K$10)))) | L22: =IF(D22="Buy","Enter New 4DLL",IF(D22="Sell","Enter New 4DHH","")) | N22: =IF(OR(D22="",E22=""),"",IF(M22="",H22,IF(D22="Buy",MROUND(MAX(E22*(1-Settings!$K$8),M22*(1-Settings!$K$6)),Settings!$K$10),MROUND(MIN(E22*(1+Settings!$K$8),M22*(1+Settings!$K$6)),Settings!$K$10)))) | O22: =IF(D22="Buy","Enter First 15-Minute Low",IF(D22="Sell","Enter First 15-Minute High","")) | Q22: =IF(OR(D22="",P22=""),"",IF(D22="Buy",MROUND(P22*(1-Settings!$K$6),Settings!$K$10),MROUND(P22*(1+Settings!$K$6),Settings!$K$10))) | R22: =IF(D22="Buy","Enter First 15-Minute Low",IF(D22="Sell","Enter First 15-Minute High","")) | T22: =IF(OR(D22="",S22=""),"",IF(D22="Buy",MROUND(S22*(1-Settings!$K$6),Settings!$K$10),MROUND(S22*(1+Settings!$K$6),Settings!$K$10))) | V22: =IF(OR(D22="",E22="",U22="",$C$8="",$C$9=""),"",IF(U22="Target Hit",IF(F22="","",IF(D22="Buy",(F22-E22)*($C$8/2)*$C$9,(E22-F22)*($C$8/2)*$C$9)),IF(U22="Rollover",IF(Z22="","",IF(D22="Buy",(Z22-E22)*$C$8*$C$9,(E22-Z22)*$C$8*$C$9)),IF(U22="Stoploss 1 Hit",IF(K22="","",IF(D22="Buy",(K22-E22)*$C$8*$C$9,(E22-K22)*$C$8*$C$9)),IF(OR(AND(D22="Buy",U22="Gap Down Stoploss 1 Hit"),AND(D22="Sell",U22="Gap Up Stoploss 1 Hit")),IF(Q22="","",IF(D22="Buy",(Q22-E22)*$C$8*$C$9,(E22-Q22)*$C$8*$C$9)),""))))) | X22: =IF(OR(D22="",E22="",U22<>"Target Hit",W22="",$C$8="",$C$9=""),"",IF(W22="Stoploss 2 Hit",IF(N22="","",IF(D22="Buy",(N22-E22)*($C$8/2)*$C$9,(E22-N22)*($C$8/2)*$C$9)),IF(W22="Rollover",IF(Z22="","",IF(D22="Buy",(Z22-E22)*($C$8/2)*$C$9,(E22-Z22)*($C$8/2)*$C$9)),IF(OR(AND(D22="Buy",W22="Gap Down Stoploss 2 Hit"),AND(D22="Sell",W22="Gap Up Stoploss 2 Hit")),IF(T22="","",IF(D22="Buy",(T22-E22)*($C$8/2)*$C$9,(E22-T22)*($C$8/2)*$C$9)),"")))) | Y22: =IF(AND(V22="",X22=""),"",SUM(V22,X22))
A23: 10 | I23: =IF(D23="Buy","Enter New 2DLL",IF(D23="Sell","Enter New 2DHH","")) | K23: =IF(OR(D23="",E23=""),"",IF(J23="",G23,IF(D23="Buy",MROUND(MAX(E23*(1-Settings!$K$8),J23*(1-Settings!$K$6)),Settings!$K$10),MROUND(MIN(E23*(1+Settings!$K$8),J23*(1+Settings!$K$6)),Settings!$K$10)))) | L23: =IF(D23="Buy","Enter New 4DLL",IF(D23="Sell","Enter New 4DHH","")) | N23: =IF(OR(D23="",E23=""),"",IF(M23="",H23,IF(D23="Buy",MROUND(MAX(E23*(1-Settings!$K$8),M23*(1-Settings!$K$6)),Settings!$K$10),MROUND(MIN(E23*(1+Settings!$K$8),M23*(1+Settings!$K$6)),Settings!$K$10)))) | O23: =IF(D23="Buy","Enter First 15-Minute Low",IF(D23="Sell","Enter First 15-Minute High","")) | Q23: =IF(OR(D23="",P23=""),"",IF(D23="Buy",MROUND(P23*(1-Settings!$K$6),Settings!$K$10),MROUND(P23*(1+Settings!$K$6),Settings!$K$10))) | R23: =IF(D23="Buy","Enter First 15-Minute Low",IF(D23="Sell","Enter First 15-Minute High","")) | T23: =IF(OR(D23="",S23=""),"",IF(D23="Buy",MROUND(S23*(1-Settings!$K$6),Settings!$K$10),MROUND(S23*(1+Settings!$K$6),Settings!$K$10))) | V23: =IF(OR(D23="",E23="",U23="",$C$8="",$C$9=""),"",IF(U23="Target Hit",IF(F23="","",IF(D23="Buy",(F23-E23)*($C$8/2)*$C$9,(E23-F23)*($C$8/2)*$C$9)),IF(U23="Rollover",IF(Z23="","",IF(D23="Buy",(Z23-E23)*$C$8*$C$9,(E23-Z23)*$C$8*$C$9)),IF(U23="Stoploss 1 Hit",IF(K23="","",IF(D23="Buy",(K23-E23)*$C$8*$C$9,(E23-K23)*$C$8*$C$9)),IF(OR(AND(D23="Buy",U23="Gap Down Stoploss 1 Hit"),AND(D23="Sell",U23="Gap Up Stoploss 1 Hit")),IF(Q23="","",IF(D23="Buy",(Q23-E23)*$C$8*$C$9,(E23-Q23)*$C$8*$C$9)),""))))) | X23: =IF(OR(D23="",E23="",U23<>"Target Hit",W23="",$C$8="",$C$9=""),"",IF(W23="Stoploss 2 Hit",IF(N23="","",IF(D23="Buy",(N23-E23)*($C$8/2)*$C$9,(E23-N23)*($C$8/2)*$C$9)),IF(W23="Rollover",IF(Z23="","",IF(D23="Buy",(Z23-E23)*($C$8/2)*$C$9,(E23-Z23)*($C$8/2)*$C$9)),IF(OR(AND(D23="Buy",W23="Gap Down Stoploss 2 Hit"),AND(D23="Sell",W23="Gap Up Stoploss 2 Hit")),IF(T23="","",IF(D23="Buy",(T23-E23)*($C$8/2)*$C$9,(E23-T23)*($C$8/2)*$C$9)),"")))) | Y23: =IF(AND(V23="",X23=""),"",SUM(V23,X23))
A24: 11 | I24: =IF(D24="Buy","Enter New 2DLL",IF(D24="Sell","Enter New 2DHH","")) | K24: =IF(OR(D24="",E24=""),"",IF(J24="",G24,IF(D24="Buy",MROUND(MAX(E24*(1-Settings!$K$8),J24*(1-Settings!$K$6)),Settings!$K$10),MROUND(MIN(E24*(1+Settings!$K$8),J24*(1+Settings!$K$6)),Settings!$K$10)))) | L24: =IF(D24="Buy","Enter New 4DLL",IF(D24="Sell","Enter New 4DHH","")) | N24: =IF(OR(D24="",E24=""),"",IF(M24="",H24,IF(D24="Buy",MROUND(MAX(E24*(1-Settings!$K$8),M24*(1-Settings!$K$6)),Settings!$K$10),MROUND(MIN(E24*(1+Settings!$K$8),M24*(1+Settings!$K$6)),Settings!$K$10)))) | O24: =IF(D24="Buy","Enter First 15-Minute Low",IF(D24="Sell","Enter First 15-Minute High","")) | Q24: =IF(OR(D24="",P24=""),"",IF(D24="Buy",MROUND(P24*(1-Settings!$K$6),Settings!$K$10),MROUND(P24*(1+Settings!$K$6),Settings!$K$10))) | R24: =IF(D24="Buy","Enter First 15-Minute Low",IF(D24="Sell","Enter First 15-Minute High","")) | T24: =IF(OR(D24="",S24=""),"",IF(D24="Buy",MROUND(S24*(1-Settings!$K$6),Settings!$K$10),MROUND(S24*(1+Settings!$K$6),Settings!$K$10))) | V24: =IF(OR(D24="",E24="",U24="",$C$8="",$C$9=""),"",IF(U24="Target Hit",IF(F24="","",IF(D24="Buy",(F24-E24)*($C$8/2)*$C$9,(E24-F24)*($C$8/2)*$C$9)),IF(U24="Rollover",IF(Z24="","",IF(D24="Buy",(Z24-E24)*$C$8*$C$9,(E24-Z24)*$C$8*$C$9)),IF(U24="Stoploss 1 Hit",IF(K24="","",IF(D24="Buy",(K24-E24)*$C$8*$C$9,(E24-K24)*$C$8*$C$9)),IF(OR(AND(D24="Buy",U24="Gap Down Stoploss 1 Hit"),AND(D24="Sell",U24="Gap Up Stoploss 1 Hit")),IF(Q24="","",IF(D24="Buy",(Q24-E24)*$C$8*$C$9,(E24-Q24)*$C$8*$C$9)),""))))) | X24: =IF(OR(D24="",E24="",U24<>"Target Hit",W24="",$C$8="",$C$9=""),"",IF(W24="Stoploss 2 Hit",IF(N24="","",IF(D24="Buy",(N24-E24)*($C$8/2)*$C$9,(E24-N24)*($C$8/2)*$C$9)),IF(W24="Rollover",IF(Z24="","",IF(D24="Buy",(Z24-E24)*($C$8/2)*$C$9,(E24-Z24)*($C$8/2)*$C$9)),IF(OR(AND(D24="Buy",W24="Gap Down Stoploss 2 Hit"),AND(D24="Sell",W24="Gap Up Stoploss 2 Hit")),IF(T24="","",IF(D24="Buy",(T24-E24)*($C$8/2)*$C$9,(E24-T24)*($C$8/2)*$C$9)),"")))) | Y24: =IF(AND(V24="",X24=""),"",SUM(V24,X24))
A25: 12 | I25: =IF(D25="Buy","Enter New 2DLL",IF(D25="Sell","Enter New 2DHH","")) | K25: =IF(OR(D25="",E25=""),"",IF(J25="",G25,IF(D25="Buy",MROUND(MAX(E25*(1-Settings!$K$8),J25*(1-Settings!$K$6)),Settings!$K$10),MROUND(MIN(E25*(1+Settings!$K$8),J25*(1+Settings!$K$6)),Settings!$K$10)))) | L25: =IF(D25="Buy","Enter New 4DLL",IF(D25="Sell","Enter New 4DHH","")) | N25: =IF(OR(D25="",E25=""),"",IF(M25="",H25,IF(D25="Buy",MROUND(MAX(E25*(1-Settings!$K$8),M25*(1-Settings!$K$6)),Settings!$K$10),MROUND(MIN(E25*(1+Settings!$K$8),M25*(1+Settings!$K$6)),Settings!$K$10)))) | O25: =IF(D25="Buy","Enter First 15-Minute Low",IF(D25="Sell","Enter First 15-Minute High","")) | Q25: =IF(OR(D25="",P25=""),"",IF(D25="Buy",MROUND(P25*(1-Settings!$K$6),Settings!$K$10),MROUND(P25*(1+Settings!$K$6),Settings!$K$10))) | R25: =IF(D25="Buy","Enter First 15-Minute Low",IF(D25="Sell","Enter First 15-Minute High","")) | T25: =IF(OR(D25="",S25=""),"",IF(D25="Buy",MROUND(S25*(1-Settings!$K$6),Settings!$K$10),MROUND(S25*(1+Settings!$K$6),Settings!$K$10))) | V25: =IF(OR(D25="",E25="",U25="",$C$8="",$C$9=""),"",IF(U25="Target Hit",IF(F25="","",IF(D25="Buy",(F25-E25)*($C$8/2)*$C$9,(E25-F25)*($C$8/2)*$C$9)),IF(U25="Rollover",IF(Z25="","",IF(D25="Buy",(Z25-E25)*$C$8*$C$9,(E25-Z25)*$C$8*$C$9)),IF(U25="Stoploss 1 Hit",IF(K25="","",IF(D25="Buy",(K25-E25)*$C$8*$C$9,(E25-K25)*$C$8*$C$9)),IF(OR(AND(D25="Buy",U25="Gap Down Stoploss 1 Hit"),AND(D25="Sell",U25="Gap Up Stoploss 1 Hit")),IF(Q25="","",IF(D25="Buy",(Q25-E25)*$C$8*$C$9,(E25-Q25)*$C$8*$C$9)),""))))) | X25: =IF(OR(D25="",E25="",U25<>"Target Hit",W25="",$C$8="",$C$9=""),"",IF(W25="Stoploss 2 Hit",IF(N25="","",IF(D25="Buy",(N25-E25)*($C$8/2)*$C$9,(E25-N25)*($C$8/2)*$C$9)),IF(W25="Rollover",IF(Z25="","",IF(D25="Buy",(Z25-E25)*($C$8/2)*$C$9,(E25-Z25)*($C$8/2)*$C$9)),IF(OR(AND(D25="Buy",W25="Gap Down Stoploss 2 Hit"),AND(D25="Sell",W25="Gap Up Stoploss 2 Hit")),IF(T25="","",IF(D25="Buy",(T25-E25)*($C$8/2)*$C$9,(E25-T25)*($C$8/2)*$C$9)),"")))) | Y25: =IF(AND(V25="",X25=""),"",SUM(V25,X25))
A26: 13 | I26: =IF(D26="Buy","Enter New 2DLL",IF(D26="Sell","Enter New 2DHH","")) | K26: =IF(OR(D26="",E26=""),"",IF(J26="",G26,IF(D26="Buy",MROUND(MAX(E26*(1-Settings!$K$8),J26*(1-Settings!$K$6)),Settings!$K$10),MROUND(MIN(E26*(1+Settings!$K$8),J26*(1+Settings!$K$6)),Settings!$K$10)))) | L26: =IF(D26="Buy","Enter New 4DLL",IF(D26="Sell","Enter New 4DHH","")) | N26: =IF(OR(D26="",E26=""),"",IF(M26="",H26,IF(D26="Buy",MROUND(MAX(E26*(1-Settings!$K$8),M26*(1-Settings!$K$6)),Settings!$K$10),MROUND(MIN(E26*(1+Settings!$K$8),M26*(1+Settings!$K$6)),Settings!$K$10)))) | O26: =IF(D26="Buy","Enter First 15-Minute Low",IF(D26="Sell","Enter First 15-Minute High","")) | Q26: =IF(OR(D26="",P26=""),"",IF(D26="Buy",MROUND(P26*(1-Settings!$K$6),Settings!$K$10),MROUND(P26*(1+Settings!$K$6),Settings!$K$10))) | R26: =IF(D26="Buy","Enter First 15-Minute Low",IF(D26="Sell","Enter First 15-Minute High","")) | T26: =IF(OR(D26="",S26=""),"",IF(D26="Buy",MROUND(S26*(1-Settings!$K$6),Settings!$K$10),MROUND(S26*(1+Settings!$K$6),Settings!$K$10))) | V26: =IF(OR(D26="",E26="",U26="",$C$8="",$C$9=""),"",IF(U26="Target Hit",IF(F26="","",IF(D26="Buy",(F26-E26)*($C$8/2)*$C$9,(E26-F26)*($C$8/2)*$C$9)),IF(U26="Rollover",IF(Z26="","",IF(D26="Buy",(Z26-E26)*$C$8*$C$9,(E26-Z26)*$C$8*$C$9)),IF(U26="Stoploss 1 Hit",IF(K26="","",IF(D26="Buy",(K26-E26)*$C$8*$C$9,(E26-K26)*$C$8*$C$9)),IF(OR(AND(D26="Buy",U26="Gap Down Stoploss 1 Hit"),AND(D26="Sell",U26="Gap Up Stoploss 1 Hit")),IF(Q26="","",IF(D26="Buy",(Q26-E26)*$C$8*$C$9,(E26-Q26)*$C$8*$C$9)),""))))) | X26: =IF(OR(D26="",E26="",U26<>"Target Hit",W26="",$C$8="",$C$9=""),"",IF(W26="Stoploss 2 Hit",IF(N26="","",IF(D26="Buy",(N26-E26)*($C$8/2)*$C$9,(E26-N26)*($C$8/2)*$C$9)),IF(W26="Rollover",IF(Z26="","",IF(D26="Buy",(Z26-E26)*($C$8/2)*$C$9,(E26-Z26)*($C$8/2)*$C$9)),IF(OR(AND(D26="Buy",W26="Gap Down Stoploss 2 Hit"),AND(D26="Sell",W26="Gap Up Stoploss 2 Hit")),IF(T26="","",IF(D26="Buy",(T26-E26)*($C$8/2)*$C$9,(E26-T26)*($C$8/2)*$C$9)),"")))) | Y26: =IF(AND(V26="",X26=""),"",SUM(V26,X26))
A27: 14 | I27: =IF(D27="Buy","Enter New 2DLL",IF(D27="Sell","Enter New 2DHH","")) | K27: =IF(OR(D27="",E27=""),"",IF(J27="",G27,IF(D27="Buy",MROUND(MAX(E27*(1-Settings!$K$8),J27*(1-Settings!$K$6)),Settings!$K$10),MROUND(MIN(E27*(1+Settings!$K$8),J27*(1+Settings!$K$6)),Settings!$K$10)))) | L27: =IF(D27="Buy","Enter New 4DLL",IF(D27="Sell","Enter New 4DHH","")) | N27: =IF(OR(D27="",E27=""),"",IF(M27="",H27,IF(D27="Buy",MROUND(MAX(E27*(1-Settings!$K$8),M27*(1-Settings!$K$6)),Settings!$K$10),MROUND(MIN(E27*(1+Settings!$K$8),M27*(1+Settings!$K$6)),Settings!$K$10)))) | O27: =IF(D27="Buy","Enter First 15-Minute Low",IF(D27="Sell","Enter First 15-Minute High","")) | Q27: =IF(OR(D27="",P27=""),"",IF(D27="Buy",MROUND(P27*(1-Settings!$K$6),Settings!$K$10),MROUND(P27*(1+Settings!$K$6),Settings!$K$10))) | R27: =IF(D27="Buy","Enter First 15-Minute Low",IF(D27="Sell","Enter First 15-Minute High","")) | T27: =IF(OR(D27="",S27=""),"",IF(D27="Buy",MROUND(S27*(1-Settings!$K$6),Settings!$K$10),MROUND(S27*(1+Settings!$K$6),Settings!$K$10))) | V27: =IF(OR(D27="",E27="",U27="",$C$8="",$C$9=""),"",IF(U27="Target Hit",IF(F27="","",IF(D27="Buy",(F27-E27)*($C$8/2)*$C$9,(E27-F27)*($C$8/2)*$C$9)),IF(U27="Rollover",IF(Z27="","",IF(D27="Buy",(Z27-E27)*$C$8*$C$9,(E27-Z27)*$C$8*$C$9)),IF(U27="Stoploss 1 Hit",IF(K27="","",IF(D27="Buy",(K27-E27)*$C$8*$C$9,(E27-K27)*$C$8*$C$9)),IF(OR(AND(D27="Buy",U27="Gap Down Stoploss 1 Hit"),AND(D27="Sell",U27="Gap Up Stoploss 1 Hit")),IF(Q27="","",IF(D27="Buy",(Q27-E27)*$C$8*$C$9,(E27-Q27)*$C$8*$C$9)),""))))) | X27: =IF(OR(D27="",E27="",U27<>"Target Hit",W27="",$C$8="",$C$9=""),"",IF(W27="Stoploss 2 Hit",IF(N27="","",IF(D27="Buy",(N27-E27)*($C$8/2)*$C$9,(E27-N27)*($C$8/2)*$C$9)),IF(W27="Rollover",IF(Z27="","",IF(D27="Buy",(Z27-E27)*($C$8/2)*$C$9,(E27-Z27)*($C$8/2)*$C$9)),IF(OR(AND(D27="Buy",W27="Gap Down Stoploss 2 Hit"),AND(D27="Sell",W27="Gap Up Stoploss 2 Hit")),IF(T27="","",IF(D27="Buy",(T27-E27)*($C$8/2)*$C$9,(E27-T27)*($C$8/2)*$C$9)),"")))) | Y27: =IF(AND(V27="",X27=""),"",SUM(V27,X27))
A28: 15 | I28: =IF(D28="Buy","Enter New 2DLL",IF(D28="Sell","Enter New 2DHH","")) | K28: =IF(OR(D28="",E28=""),"",IF(J28="",G28,IF(D28="Buy",MROUND(MAX(E28*(1-Settings!$K$8),J28*(1-Settings!$K$6)),Settings!$K$10),MROUND(MIN(E28*(1+Settings!$K$8),J28*(1+Settings!$K$6)),Settings!$K$10)))) | L28: =IF(D28="Buy","Enter New 4DLL",IF(D28="Sell","Enter New 4DHH","")) | N28: =IF(OR(D28="",E28=""),"",IF(M28="",H28,IF(D28="Buy",MROUND(MAX(E28*(1-Settings!$K$8),M28*(1-Settings!$K$6)),Settings!$K$10),MROUND(MIN(E28*(1+Settings!$K$8),M28*(1+Settings!$K$6)),Settings!$K$10)))) | O28: =IF(D28="Buy","Enter First 15-Minute Low",IF(D28="Sell","Enter First 15-Minute High","")) | Q28: =IF(OR(D28="",P28=""),"",IF(D28="Buy",MROUND(P28*(1-Settings!$K$6),Settings!$K$10),MROUND(P28*(1+Settings!$K$6),Settings!$K$10))) | R28: =IF(D28="Buy","Enter First 15-Minute Low",IF(D28="Sell","Enter First 15-Minute High","")) | T28: =IF(OR(D28="",S28=""),"",IF(D28="Buy",MROUND(S28*(1-Settings!$K$6),Settings!$K$10),MROUND(S28*(1+Settings!$K$6),Settings!$K$10))) | V28: =IF(OR(D28="",E28="",U28="",$C$8="",$C$9=""),"",IF(U28="Target Hit",IF(F28="","",IF(D28="Buy",(F28-E28)*($C$8/2)*$C$9,(E28-F28)*($C$8/2)*$C$9)),IF(U28="Rollover",IF(Z28="","",IF(D28="Buy",(Z28-E28)*$C$8*$C$9,(E28-Z28)*$C$8*$C$9)),IF(U28="Stoploss 1 Hit",IF(K28="","",IF(D28="Buy",(K28-E28)*$C$8*$C$9,(E28-K28)*$C$8*$C$9)),IF(OR(AND(D28="Buy",U28="Gap Down Stoploss 1 Hit"),AND(D28="Sell",U28="Gap Up Stoploss 1 Hit")),IF(Q28="","",IF(D28="Buy",(Q28-E28)*$C$8*$C$9,(E28-Q28)*$C$8*$C$9)),""))))) | X28: =IF(OR(D28="",E28="",U28<>"Target Hit",W28="",$C$8="",$C$9=""),"",IF(W28="Stoploss 2 Hit",IF(N28="","",IF(D28="Buy",(N28-E28)*($C$8/2)*$C$9,(E28-N28)*($C$8/2)*$C$9)),IF(W28="Rollover",IF(Z28="","",IF(D28="Buy",(Z28-E28)*($C$8/2)*$C$9,(E28-Z28)*($C$8/2)*$C$9)),IF(OR(AND(D28="Buy",W28="Gap Down Stoploss 2 Hit"),AND(D28="Sell",W28="Gap Up Stoploss 2 Hit")),IF(T28="","",IF(D28="Buy",(T28-E28)*($C$8/2)*$C$9,(E28-T28)*($C$8/2)*$C$9)),"")))) | Y28: =IF(AND(V28="",X28=""),"",SUM(V28,X28))
... A213: 200 | I213: =IF(D213="Buy","Enter New 2DLL",IF(D213="Sell","Enter New 2DHH","")) | K213: =IF(OR(D213="",E213=""),"",IF(J213="",G213,IF(D213="Buy",MROUND(MAX(E213*(1-Settings!$K$8),J213*(1-Settings!$K$6)),Settings!$K$10),MROUND(MIN(E213*(1+Settings!$K$8),J213*(1+Settings!$K$6)),Settings!$K$10)))) | L213: =IF(D213="Buy","Enter New 4DLL",IF(D213="Sell","Enter New 4DHH","")) | N213: =IF(OR(D213="",E213=""),"",IF(M213="",H213,IF(D213="Buy",MROUND(MAX(E213*(1-Settings!$K$8),M213*(1-Settings!$K$6)),Settings!$K$10),MROUND(MIN(E213*(1+Settings!$K$8),M213*(1+Settings!$K$6)),Settings!$K$10)))) | O213: =IF(D213="Buy","Enter First 15-Minute Low",IF(D213="Sell","Enter First 15-Minute High","")) | Q213: =IF(OR(D213="",P213=""),"",IF(D213="Buy",MROUND(P213*(1-Settings!$K$6),Settings!$K$10),MROUND(P213*(1+Settings!$K$6),Settings!$K$10))) | R213: =IF(D213="Buy","Enter First 15-Minute Low",IF(D213="Sell","Enter First 15-Minute High","")) | T213: =IF(OR(D213="",S213=""),"",IF(D213="Buy",MROUND(S213*(1-Settings!$K$6),Settings!$K$10),MROUND(S213*(1+Settings!$K$6),Settings!$K$10))) | V213: =IF(OR(D213="",E213="",U213="",$C$8="",$C$9=""),"",IF(U213="Target Hit",IF(F213="","",IF(D213="Buy",(F213-E213)*($C$8/2)*$C$9,(E213-F213)*($C$8/2)*$C$9)),IF(U213="Rollover",IF(Z213="","",IF(D213="Buy",(Z213-E213)*$C$8*$C$9,(E213-Z213)*$C$8*$C$9)),IF(U213="Stoploss 1 Hit",IF(K213="","",IF(D213="Buy",(K213-E213)*$C$8*$C$9,(E213-K213)*$C$8*$C$9)),IF(OR(AND(D213="Buy",U213="Gap Down Stoploss 1 Hit"),AND(D213="Sell",U213="Gap Up Stoploss 1 Hit")),IF(Q213="","",IF(D213="Buy",(Q213-E213)*$C$8*$C$9,(E213-Q213)*$C$8*$C$9)),""))))) | X213: =IF(OR(D213="",E213="",U213<>"Target Hit",W213="",$C$8="",$C$9=""),"",IF(W213="Stoploss 2 Hit",IF(N213="","",IF(D213="Buy",(N213-E213)*($C$8/2)*$C$9,(E213-N213)*($C$8/2)*$C$9)),IF(W213="Rollover",IF(Z213="","",IF(D213="Buy",(Z213-E213)*($C$8/2)*$C$9,(E213-Z213)*($C$8/2)*$C$9)),IF(OR(AND(D213="Buy",W213="Gap Down Stoploss 2 Hit"),AND(D213="Sell",W213="Gap Up Stoploss 2 Hit")),IF(T213="","",IF(D213="Buy",(T213-E213)*($C$8/2)*$C$9,(E213-T213)*($C$8/2)*$C$9)),"")))) | Y213: =IF(AND(V213="",X213=""),"",SUM(V213,X213))
A216: TRADING SECRETS ACADEMY PVT LTD | Quality, Trust, Consistency & Ethics | B216: TRADING SECRETS ACADEMY PVT LTD | Quality, Trust, Consistency & Ethics | C216: TRADING SECRETS ACADEMY PVT LTD | Quality, Trust, Consistency & Ethics | D216: TRADING SECRETS ACADEMY PVT LTD | Quality, Trust, Consistency & Ethics | E216: TRADING SECRETS ACADEMY PVT LTD | Quality, Trust, Consistency & Ethics | F216: TRADING SECRETS ACADEMY PVT LTD | Quality, Trust, Consistency & Ethics | G216: TRADING SECRETS ACADEMY PVT LTD | Quality, Trust, Consistency & Ethics | H216: TRADING SECRETS ACADEMY PVT LTD | Quality, Trust, Consistency & Ethics | I216: TRADING SECRETS ACADEMY PVT LTD | Quality, Trust, Consistency & Ethics | J216: TRADING SECRETS ACADEMY PVT LTD | Quality, Trust, Consistency & Ethics | K216: TRADING SECRETS ACADEMY PVT LTD | Quality, Trust, Consistency & Ethics | L216: TRADING SECRETS ACADEMY PVT LTD | Quality, Trust, Consistency & Ethics | M216: TRADING SECRETS ACADEMY PVT LTD | Quality, Trust, Consistency & Ethics | N216: TRADING SECRETS ACADEMY PVT LTD | Quality, Trust, Consistency & Ethics | O216: TRADING SECRETS ACADEMY PVT LTD | Quality, Trust, Consistency & Ethics | P216: TRADING SECRETS ACADEMY PVT LTD | Quality, Trust, Consistency & Ethics | Q216: TRADING SECRETS ACADEMY PVT LTD | Quality, Trust, Consistency & Ethics | R216: TRADING SECRETS ACADEMY PVT LTD | Quality, Trust, Consistency & Ethics | S216: TRADING SECRETS ACADEMY PVT LTD | Quality, Trust, Consistency & Ethics | T216: TRADING SECRETS ACADEMY PVT LTD | Quality, Trust, Consistency & Ethics | U216: TRADING SECRETS ACADEMY PVT LTD | Quality, Trust, Consistency & Ethics | V216: TRADING SECRETS ACADEMY PVT LTD | Quality, Trust, Consistency & Ethics | W216: TRADING SECRETS ACADEMY PVT LTD | Quality, Trust, Consistency & Ethics | X216: TRADING SECRETS ACADEMY PVT LTD | Quality, Trust, Consistency & Ethics | Y216: TRADING SECRETS ACADEMY PVT LTD | Quality, Trust, Consistency & Ethics
A217: Office Support: Mrs. Sathyavani +91 90425 87730 | Mrs. Suganya +91 80569 25382 | B217: Office Support: Mrs. Sathyavani +91 90425 87730 | Mrs. Suganya +91 80569 25382 | C217: Office Support: Mrs. Sathyavani +91 90425 87730 | Mrs. Suganya +91 80569 25382 | D217: Office Support: Mrs. Sathyavani +91 90425 87730 | Mrs. Suganya +91 80569 25382 | E217: Office Support: Mrs. Sathyavani +91 90425 87730 | Mrs. Suganya +91 80569 25382 | F217: Office Support: Mrs. Sathyavani +91 90425 87730 | Mrs. Suganya +91 80569 25382 | G217: Office Support: Mrs. Sathyavani +91 90425 87730 | Mrs. Suganya +91 80569 25382 | H217: Office Support: Mrs. Sathyavani +91 90425 87730 | Mrs. Suganya +91 80569 25382 | I217: Office Support: Mrs. Sathyavani +91 90425 87730 | Mrs. Suganya +91 80569 25382 | J217: Office Support: Mrs. Sathyavani +91 90425 87730 | Mrs. Suganya +91 80569 25382 | K217: Office Support: Mrs. Sathyavani +91 90425 87730 | Mrs. Suganya +91 80569 25382 | L217: Office Support: Mrs. Sathyavani +91 90425 87730 | Mrs. Suganya +91 80569 25382 | M217: Office Support: Mrs. Sathyavani +91 90425 87730 | Mrs. Suganya +91 80569 25382 | N217: Office Support: Mrs. Sathyavani +91 90425 87730 | Mrs. Suganya +91 80569 25382 | O217: Office Support: Mrs. Sathyavani +91 90425 87730 | Mrs. Suganya +91 80569 25382 | P217: Office Support: Mrs. Sathyavani +91 90425 87730 | Mrs. Suganya +91 80569 25382 | Q217: Office Support: Mrs. Sathyavani +91 90425 87730 | Mrs. Suganya +91 80569 25382 | R217: Office Support: Mrs. Sathyavani +91 90425 87730 | Mrs. Suganya +91 80569 25382 | S217: Office Support: Mrs. Sathyavani +91 90425 87730 | Mrs. Suganya +91 80569 25382 | T217: Office Support: Mrs. Sathyavani +91 90425 87730 | Mrs. Suganya +91 80569 25382 | U217: Office Support: Mrs. Sathyavani +91 90425 87730 | Mrs. Suganya +91 80569 25382 | V217: Office Support: Mrs. Sathyavani +91 90425 87730 | Mrs. Suganya +91 80569 25382 | W217: Office Support: Mrs. Sathyavani +91 90425 87730 | Mrs. Suganya +91 80569 25382 | X217: Office Support: Mrs. Sathyavani +91 90425 87730 | Mrs. Suganya +91 80569 25382 | Y217: Office Support: Mrs. Sathyavani +91 90425 87730 | Mrs. Suganya +91 80569 25382
A218: Calculations & Live Market Support: Mr. Vanaraja +91 7200575175 | Mr. Gokul +91 7200575154 | B218: Calculations & Live Market Support: Mr. Vanaraja +91 7200575175 | Mr. Gokul +91 7200575154 | C218: Calculations & Live Market Support: Mr. Vanaraja +91 7200575175 | Mr. Gokul +91 7200575154 | D218: Calculations & Live Market Support: Mr. Vanaraja +91 7200575175 | Mr. Gokul +91 7200575154 | E218: Calculations & Live Market Support: Mr. Vanaraja +91 7200575175 | Mr. Gokul +91 7200575154 | F218: Calculations & Live Market Support: Mr. Vanaraja +91 7200575175 | Mr. Gokul +91 7200575154 | G218: Calculations & Live Market Support: Mr. Vanaraja +91 7200575175 | Mr. Gokul +91 7200575154 | H218: Calculations & Live Market Support: Mr. Vanaraja +91 7200575175 | Mr. Gokul +91 7200575154 | I218: Calculations & Live Market Support: Mr. Vanaraja +91 7200575175 | Mr. Gokul +91 7200575154 | J218: Calculations & Live Market Support: Mr. Vanaraja +91 7200575175 | Mr. Gokul +91 7200575154 | K218: Calculations & Live Market Support: Mr. Vanaraja +91 7200575175 | Mr. Gokul +91 7200575154 | L218: Calculations & Live Market Support: Mr. Vanaraja +91 7200575175 | Mr. Gokul +91 7200575154 | M218: Calculations & Live Market Support: Mr. Vanaraja +91 7200575175 | Mr. Gokul +91 7200575154 | N218: Calculations & Live Market Support: Mr. Vanaraja +91 7200575175 | Mr. Gokul +91 7200575154 | O218: Calculations & Live Market Support: Mr. Vanaraja +91 7200575175 | Mr. Gokul +91 7200575154 | P218: Calculations & Live Market Support: Mr. Vanaraja +91 7200575175 | Mr. Gokul +91 7200575154 | Q218: Calculations & Live Market Support: Mr. Vanaraja +91 7200575175 | Mr. Gokul +91 7200575154 | R218: Calculations & Live Market Support: Mr. Vanaraja +91 7200575175 | Mr. Gokul +91 7200575154 | S218: Calculations & Live Market Support: Mr. Vanaraja +91 7200575175 | Mr. Gokul +91 7200575154 | T218: Calculations & Live Market Support: Mr. Vanaraja +91 7200575175 | Mr. Gokul +91 7200575154 | U218: Calculations & Live Market Support: Mr. Vanaraja +91 7200575175 | Mr. Gokul +91 7200575154 | V218: Calculations & Live Market Support: Mr. Vanaraja +91 7200575175 | Mr. Gokul +91 7200575154 | W218: Calculations & Live Market Support: Mr. Vanaraja +91 7200575175 | Mr. Gokul +91 7200575154 | X218: Calculations & Live Market Support: Mr. Vanaraja +91 7200575175 | Mr. Gokul +91 7200575154 | Y218: Calculations & Live Market Support: Mr. Vanaraja +91 7200575175 | Mr. Gokul +91 7200575154
A219: Registered: Sivaganga 630611 | Head Office: West Tambaram, Chennai 600045 | B219: Registered: Sivaganga 630611 | Head Office: West Tambaram, Chennai 600045 | C219: Registered: Sivaganga 630611 | Head Office: West Tambaram, Chennai 600045 | D219: Registered: Sivaganga 630611 | Head Office: West Tambaram, Chennai 600045 | E219: Registered: Sivaganga 630611 | Head Office: West Tambaram, Chennai 600045 | F219: Registered: Sivaganga 630611 | Head Office: West Tambaram, Chennai 600045 | G219: Registered: Sivaganga 630611 | Head Office: West Tambaram, Chennai 600045 | H219: Registered: Sivaganga 630611 | Head Office: West Tambaram, Chennai 600045 | I219: Registered: Sivaganga 630611 | Head Office: West Tambaram, Chennai 600045 | J219: Registered: Sivaganga 630611 | Head Office: West Tambaram, Chennai 600045 | K219: Registered: Sivaganga 630611 | Head Office: West Tambaram, Chennai 600045 | L219: Registered: Sivaganga 630611 | Head Office: West Tambaram, Chennai 600045 | M219: Registered: Sivaganga 630611 | Head Office: West Tambaram, Chennai 600045 | N219: Registered: Sivaganga 630611 | Head Office: West Tambaram, Chennai 600045 | O219: Registered: Sivaganga 630611 | Head Office: West Tambaram, Chennai 600045 | P219: Registered: Sivaganga 630611 | Head Office: West Tambaram, Chennai 600045 | Q219: Registered: Sivaganga 630611 | Head Office: West Tambaram, Chennai 600045 | R219: Registered: Sivaganga 630611 | Head Office: West Tambaram, Chennai 600045 | S219: Registered: Sivaganga 630611 | Head Office: West Tambaram, Chennai 600045 | T219: Registered: Sivaganga 630611 | Head Office: West Tambaram, Chennai 600045 | U219: Registered: Sivaganga 630611 | Head Office: West Tambaram, Chennai 600045 | V219: Registered: Sivaganga 630611 | Head Office: West Tambaram, Chennai 600045 | W219: Registered: Sivaganga 630611 | Head Office: West Tambaram, Chennai 600045 | X219: Registered: Sivaganga 630611 | Head Office: West Tambaram, Chennai 600045 | Y219: Registered: Sivaganga 630611 | Head Office: West Tambaram, Chennai 600045

Sheet GOLDM Calculation
A1: TRADING SECRETS ACADEMY PVT LTD | H1: MCX GOLDM CALCULATION | I1: MCX GOLDTEN CALCULATION | J1: MCX GOLDTEN CALCULATION
A2: Quality, Trust, Consistency & Ethics | H2: MCX GOLDTEN CALCULATION | I2: MCX GOLDTEN CALCULATION | J2: MCX GOLDTEN CALCULATION
A3: CALCULATION & TRADING LEVELS | H3: MCX GOLDTEN CALCULATION | I3: MCX GOLDTEN CALCULATION | J3: MCX GOLDTEN CALCULATION
A4: Licence Number: TSA-MURU-2419 | Name: MURUGAN M | Mail ID: muruganm56789@gmail.com | Contact Number: 8610022419
A5: CONTRACT & TRADING DATE INPUTS | B5: CONTRACT & TRADING DATE INPUTS | C5: CONTRACT & TRADING DATE INPUTS | D5: CONTRACT & TRADING DATE INPUTS
A6: Next Trading Date | B6: 46275
A7: Contract 1 | B7: OCT
A8: Contract 1 Expiry | B8: 46300
A9: Contract 2 | B9: NOV
A10: Contract 2 Expiry | B10: 46331
A11: Switch Date | B11: =IF(B8="","",WORKDAY(B8,-Settings!$K$11)) -> 46287
A12: Selected Contract | B12: =IF(OR(B6="",B11=""),"",IF(B6>=B11,B9,B7)) -> OCT
A14: FOUR-DAY HIGH / LOW INPUTS | B14: FOUR-DAY HIGH / LOW INPUTS | C14: FOUR-DAY HIGH / LOW INPUTS | D14: FOUR-DAY HIGH / LOW INPUTS | E14: FOUR-DAY HIGH / LOW INPUTS | F14: FOUR-DAY HIGH / LOW INPUTS | G14: FOUR-DAY HIGH / LOW INPUTS | H14: FOUR-DAY HIGH / LOW INPUTS | I14: FOUR-DAY HIGH / LOW INPUTS | J14: FOUR-DAY HIGH / LOW INPUTS
A16: Day | B16: Date | C16: High | D16: Low | F16: Summary Level | G16: Value
A17: Day 01 | B17: 46269 | C17: 155945 | D17: 151519 | F17: 4DHH | G17: =IF(COUNT(C17:C20)<4,"",MAX(C17:C20)) -> 155945
A18: Day 02 | B18: 46272 | C18: 153436 | D18: 152010 | F18: 4DLL | G18: =IF(COUNT(D17:D20)<4,"",MIN(D17:D20)) -> 151519
A19: Day 03 | B19: 46273 | C19: 154275 | D19: 152550 | F19: 2DHH | G19: =IF(COUNT(C19:C20)<2,"",MAX(C19:C20)) -> 154389
A20: Day 04 | B20: 46274 | C20: 154389 | D20: 152210 | F20: 2DLL | G20: =IF(COUNT(D19:D20)<2,"",MIN(D19:D20)) -> 152210
A22: NORMAL BUY | B22: NORMAL BUY | C22: NORMAL BUY | D22: NORMAL BUY | F22: NORMAL SELL | G22: NORMAL SELL | H22: NORMAL SELL | I22: NORMAL SELL | J22: NORMAL SELL
A23: Entry | B23: =IF(G17="","",G17*(1+Settings!$K$6)) -> 156132.13 | F23: Entry | G23: =IF(G18="","",G18*(1-Settings!$K$6)) -> 151337.18
A24: Target | B24: =IF(B23="","",B23*(1+Settings!$K$7)) -> 158474.12 | F24: Target | G24: =IF(G23="","",G23*(1-Settings!$K$7)) -> 149067.12
A25: Stoploss 1 | B25: =IF(OR(B23="",G20=""),"",MAX(B23*(1-Settings!$K$8),G20*(1-Settings!$K$6))) -> 153790.15 | F25: Stoploss 1 | G25: =IF(OR(G23="",G19=""),"",MIN(G23*(1+Settings!$K$8),G19*(1+Settings!$K$6))) -> 153607.23
A26: Stoploss 2 | B26: =IF(OR(B23="",G18=""),"",MAX(B23*(1-Settings!$K$8),G18*(1-Settings!$K$6))) -> 153790.15 | F26: Stoploss 2 | G26: =IF(OR(G23="",G17=""),"",MIN(G23*(1+Settings!$K$8),G17*(1+Settings!$K$6))) -> 153607.23
A29: NORMAL CALCULATION LEVELS — AUTO-LINKED TO ORDERS | B29: NORMAL CALCULATION LEVELS — AUTO-LINKED TO ORDERS | C29: NORMAL CALCULATION LEVELS — AUTO-LINKED TO ORDERS | D29: NORMAL CALCULATION LEVELS — AUTO-LINKED TO ORDERS | E29: NORMAL CALCULATION LEVELS — AUTO-LINKED TO ORDERS | F29: NORMAL CALCULATION LEVELS — AUTO-LINKED TO ORDERS | G29: NORMAL CALCULATION LEVELS — AUTO-LINKED TO ORDERS | H29: NORMAL CALCULATION LEVELS — AUTO-LINKED TO ORDERS
A30: Setup | B30: Order Date | C30: Contract | D30: Trade | E30: Entry | F30: Target | G30: Stoploss 1 | H30: Stoploss 2
A31: Normal Buy Levels | B31: =IF(B6="","",B6) -> 46275 | C31: =IF(B12="","",B12) -> OCT | D31: Buy | E31: =B23 -> 156132.13 | F31: =B24 -> 158474.12 | G31: =B25 -> 153790.15 | H31: =B26 -> 153790.15
A32: Normal Sell Levels | B32: =IF(B6="","",B6) -> 46275 | C32: =IF(B12="","",B12) -> OCT | D32: Sell | E32: =G23 -> 151337.18 | F32: =G24 -> 149067.12 | G32: =G25 -> 153607.23 | H32: =G26 -> 153607.23
A33: GAP-UP BUY & GAP-DOWN SELL LEVELS | B33: GAP-UP BUY & GAP-DOWN SELL LEVELS | C33: GAP-UP BUY & GAP-DOWN SELL LEVELS | D33: GAP-UP BUY & GAP-DOWN SELL LEVELS | E33: GAP-UP BUY & GAP-DOWN SELL LEVELS | F33: GAP-UP BUY & GAP-DOWN SELL LEVELS | G33: GAP-UP BUY & GAP-DOWN SELL LEVELS | H33: GAP-UP BUY & GAP-DOWN SELL LEVELS | I33: GAP-UP BUY & GAP-DOWN SELL LEVELS | J33: GAP-UP BUY & GAP-DOWN SELL LEVELS
A34: GAP-UP BUY | B34: GAP-UP BUY | C34: GAP-UP BUY | D34: GAP-UP BUY | F34: GAP-DOWN SELL | G34: GAP-DOWN SELL | H34: GAP-DOWN SELL | I34: GAP-DOWN SELL | J34: GAP-DOWN SELL
A35: First 15-Minute High | B35: 150862 | F35: First 15-Minute Low
A36: Entry | B36: =IF(B35="","",B35*(1+Settings!$K$6)) -> 151043.03 | F36: Entry | G36: =IF(G35="","",G35*(1-Settings!$K$6))
A37: Target | B37: =IF(B36="","",B36*(1+Settings!$K$7)) -> 153308.68 | F37: Target | G37: =IF(G36="","",G36*(1-Settings!$K$7))
A38: Stoploss 1 | B38: =IF(OR(B35="",G20=""),"",MAX(B36*(1-Settings!$K$8),G20*(1-Settings!$K$6))) -> 152027.35 | F38: Stoploss 1 | G38: =IF(OR(G35="",G19=""),"",MIN(G36*(1+Settings!$K$8),G19*(1+Settings!$K$6)))
A39: Stoploss 2 | B39: =IF(OR(B35="",G18=""),"",MAX(B36*(1-Settings!$K$8),G18*(1-Settings!$K$6))) -> 151337.18 | F39: Stoploss 2 | G39: =IF(OR(G35="",G17=""),"",MIN(G36*(1+Settings!$K$8),G17*(1+Settings!$K$6)))
A41: GAP CALCULATION LEVELS — AUTO-LINKED TO ORDERS | B41: GAP CALCULATION LEVELS — AUTO-LINKED TO ORDERS | C41: GAP CALCULATION LEVELS — AUTO-LINKED TO ORDERS | D41: GAP CALCULATION LEVELS — AUTO-LINKED TO ORDERS | E41: GAP CALCULATION LEVELS — AUTO-LINKED TO ORDERS | F41: GAP CALCULATION LEVELS — AUTO-LINKED TO ORDERS | G41: GAP CALCULATION LEVELS — AUTO-LINKED TO ORDERS | H41: GAP CALCULATION LEVELS — AUTO-LINKED TO ORDERS
A42: Gap result cells stay blank until the corresponding first 15-minute value is entered. | B42: Gap result cells stay blank until the corresponding first 15-minute value is entered. | C42: Gap result cells stay blank until the corresponding first 15-minute value is entered. | D42: Gap result cells stay blank until the corresponding first 15-minute value is entered. | E42: Gap result cells stay blank until the corresponding first 15-minute value is entered. | F42: Gap result cells stay blank until the corresponding first 15-minute value is entered. | G42: Gap result cells stay blank until the corresponding first 15-minute value is entered. | H42: Gap result cells stay blank until the corresponding first 15-minute value is entered.
A43: Setup | B43: Order Date | C43: Contract | D43: Trade | E43: Entry | F43: Target | G43: Stoploss 1 | H43: Stoploss 2
A44: Gap Up Buy Levels | B44: =IF(B6="","",B6) -> 46275 | C44: =IF(B12="","",B12) -> OCT | D44: Buy | E44: =IF(B35="","",B36) -> 151043.03 | F44: =IF(B35="","",B37) -> 153308.68 | G44: =IF(B35="","",B38) -> 152027.35 | H44: =IF(B35="","",B39) -> 151337.18
A45: Gap Down Sell Levels | B45: =IF(B6="","",B6) -> 46275 | C45: =IF(B12="","",B12) -> OCT | D45: Sell | E45: =IF(G35="","",G36) | F45: =IF(G35="","",G37) | G45: =IF(G35="","",G38) | H45: =IF(G35="","",G39)
A47: LEGEND: Yellow = manual input | Blue/grey = calculated | Green = Buy | Red = Sell | B47: LEGEND: Yellow = manual input | Blue/grey = calculated | Green = Buy | Red = Sell | C47: LEGEND: Yellow = manual input | Blue/grey = calculated | Green = Buy | Red = Sell | D47: LEGEND: Yellow = manual input | Blue/grey = calculated | Green = Buy | Red = Sell | E47: LEGEND: Yellow = manual input | Blue/grey = calculated | Green = Buy | Red = Sell | F47: LEGEND: Yellow = manual input | Blue/grey = calculated | Green = Buy | Red = Sell | G47: LEGEND: Yellow = manual input | Blue/grey = calculated | Green = Buy | Red = Sell | H47: LEGEND: Yellow = manual input | Blue/grey = calculated | Green = Buy | Red = Sell | I47: LEGEND: Yellow = manual input | Blue/grey = calculated | Green = Buy | Red = Sell | J47: LEGEND: Yellow = manual input | Blue/grey = calculated | Green = Buy | Red = Sell
A49: TRADING SECRETS ACADEMY PVT LTD | Quality, Trust, Consistency & Ethics
A50: Office Support: Mrs. Sathyavani +91 90425 87730 | Mrs. Suganya +91 80569 25382
A51: Calculations & Live Market Support: Mr. Vanaraja +91 7200575175 | Mr. Gokul +91 7200575154
A52: Registered: Sivaganga 630611 | Head Office: West Tambaram, Chennai 600045

Sheet GOLDM Orders
A1: TRADING SECRETS ACADEMY PVT LTD | G1: MCX GOLDM ORDERS | H1: MCX GOLDTEN ORDERS | I1: MCX GOLDTEN ORDERS
A2: Quality, Trust, Consistency & Ethics | G2: MCX GOLDTEN ORDERS | H2: MCX GOLDTEN ORDERS | I2: MCX GOLDTEN ORDERS
A3: ORDER SELECTION, MISSED CHECKS & TICKETS | G3: MCX GOLDTEN ORDERS | H3: MCX GOLDTEN ORDERS | I3: MCX GOLDTEN ORDERS
A4: Licence Number: TSA-MURU-2419 | Name: MURUGAN M | Mail ID: muruganm56789@gmail.com | Contact Number: 8610022419
A5: Number of Lots | B5: 10
A6: Market Opening Price | B6: 150312 | E6: Product | F6: MCX GOLDM
A7: First 10-Minute High | B7: 151563 | E7: Active Contract | F7: =IF('GOLDM Calculation'!$B$12="","",'GOLDM Calculation'!$B$12) -> OCT
A8: First 10-Minute Low | B8: 148800 | E8: Trading Date | F8: =IF('GOLDM Calculation'!$B$6="","",'GOLDM Calculation'!$B$6) -> 46275
A9: Buy Status | B9: No Holdings | C9: Target Triggered | E9: Input Status | F9: =IF(COUNT(B6:B8)=3,"READY","INPUT REQUIRED") -> READY
A10: Sell Status | B10: Sell Holding
A12: SOURCE LEVELS FROM MATCHING CALCULATION SHEET | B12: SOURCE LEVELS FROM MATCHING CALCULATION SHEET | C12: SOURCE LEVELS FROM MATCHING CALCULATION SHEET | D12: SOURCE LEVELS FROM MATCHING CALCULATION SHEET | E12: SOURCE LEVELS FROM MATCHING CALCULATION SHEET | F12: SOURCE LEVELS FROM MATCHING CALCULATION SHEET | G12: SOURCE LEVELS FROM MATCHING CALCULATION SHEET | H12: SOURCE LEVELS FROM MATCHING CALCULATION SHEET | I12: SOURCE LEVELS FROM MATCHING CALCULATION SHEET
A13: Setup | B13: Entry | C13: Target | D13: SL1 | E13: SL2 | F13: Availability
A14: Normal Buy | B14: =IF(COUNT('GOLDM Calculation'!$G$17)=0,"",'GOLDM Calculation'!$B$23) -> 156132.13 | C14: =IF(COUNT('GOLDM Calculation'!$G$17)=0,"",'GOLDM Calculation'!$B$24) -> 158474.12 | D14: =IF(COUNT('GOLDM Calculation'!$G$17)=0,"",'GOLDM Calculation'!$B$25) -> 153790.15 | E14: =IF(COUNT('GOLDM Calculation'!$G$17)=0,"",'GOLDM Calculation'!$B$26) -> 153790.15 | F14: =IF(COUNT('GOLDM Calculation'!$G$17)=0,"INPUT REQUIRED",IF(COUNT(B14:E14)=4,"READY","INPUT REQUIRED")) -> READY
A15: Normal Sell | B15: =IF(COUNT('GOLDM Calculation'!$G$18)=0,"",'GOLDM Calculation'!$G$23) -> 151337.18 | C15: =IF(COUNT('GOLDM Calculation'!$G$18)=0,"",'GOLDM Calculation'!$G$24) -> 149067.12 | D15: =IF(COUNT('GOLDM Calculation'!$G$18)=0,"",'GOLDM Calculation'!$G$25) -> 153607.23 | E15: =IF(COUNT('GOLDM Calculation'!$G$18)=0,"",'GOLDM Calculation'!$G$26) -> 153607.23 | F15: =IF(COUNT('GOLDM Calculation'!$G$18)=0,"INPUT REQUIRED",IF(COUNT(B15:E15)=4,"READY","INPUT REQUIRED")) -> READY
A16: Gap Up Buy | B16: =IF(COUNT('GOLDM Calculation'!$B$35)=0,"",'GOLDM Calculation'!$B$36) -> 151043.03 | C16: =IF(COUNT('GOLDM Calculation'!$B$35)=0,"",'GOLDM Calculation'!$B$37) -> 153308.68 | D16: =IF(COUNT('GOLDM Calculation'!$B$35)=0,"",'GOLDM Calculation'!$B$38) -> 152027.35 | E16: =IF(COUNT('GOLDM Calculation'!$B$35)=0,"",'GOLDM Calculation'!$B$39) -> 151337.18 | F16: =IF(COUNT('GOLDM Calculation'!$B$35)=0,"INPUT REQUIRED",IF(COUNT(B16:E16)=4,"READY","INPUT REQUIRED")) -> READY
A17: Gap Down Sell | B17: =IF(COUNT('GOLDM Calculation'!$G$35)=0,"",'GOLDM Calculation'!$G$36) | C17: =IF(COUNT('GOLDM Calculation'!$G$35)=0,"",'GOLDM Calculation'!$G$37) | D17: =IF(COUNT('GOLDM Calculation'!$G$35)=0,"",'GOLDM Calculation'!$G$38) | E17: =IF(COUNT('GOLDM Calculation'!$G$35)=0,"",'GOLDM Calculation'!$G$39) | F17: =IF(COUNT('GOLDM Calculation'!$G$35)=0,"INPUT REQUIRED",IF(COUNT(B17:E17)=4,"READY","INPUT REQUIRED")) -> INPUT REQUIRED
A19: SELECTED TRADING LEVELS & STATUS | B19: SELECTED TRADING LEVELS & STATUS | C19: SELECTED TRADING LEVELS & STATUS | D19: SELECTED TRADING LEVELS & STATUS | E19: SELECTED TRADING LEVELS & STATUS | F19: SELECTED TRADING LEVELS & STATUS | G19: SELECTED TRADING LEVELS & STATUS | H19: SELECTED TRADING LEVELS & STATUS | I19: SELECTED TRADING LEVELS & STATUS
A20: Trade | B20: Entry | C20: Target | D20: Stoploss 1 | E20: Stoploss 2 | F20: Status | G20: Selected Setup
A21: Normal Buy | B21: =IF($B$9="Buy Holding",IFERROR(LOOKUP(2,1/(('GOLDM Tracking'!$D$14:$D$213="Buy")*('GOLDM Tracking'!$E$14:$E$213<>"")),'GOLDM Tracking'!$E$14:$E$213),""),IF($A$21="Normal Buy",IF(ISNUMBER(B14),B14,""),IF($A$21="Gap Up Buy",IF(ISNUMBER(B16),B16,""),""))) -> 156132.13 | C21: =IF($B$9="Buy Holding",IFERROR(LOOKUP(2,1/(('GOLDM Tracking'!$D$14:$D$213="Buy")*('GOLDM Tracking'!$E$14:$E$213<>"")),'GOLDM Tracking'!$F$14:$F$213),""),IF($A$21="Normal Buy",IF(ISNUMBER(C14),C14,""),IF($A$21="Gap Up Buy",IF(ISNUMBER(C16),C16,""),""))) -> 158474.12 | D21: =IF($B$9="Buy Holding",IFERROR(IF(AND(LOOKUP(2,1/(('GOLDM Tracking'!$D$14:$D$213="Buy")*('GOLDM Tracking'!$E$14:$E$213<>"")),'GOLDM Tracking'!$K$14:$K$213)="",LOOKUP(2,1/(('GOLDM Tracking'!$D$14:$D$213="Buy")*('GOLDM Tracking'!$E$14:$E$213<>"")),'GOLDM Tracking'!$Q$14:$Q$213)=""),"",IF(LOOKUP(2,1/(('GOLDM Tracking'!$D$14:$D$213="Buy")*('GOLDM Tracking'!$E$14:$E$213<>"")),'GOLDM Tracking'!$K$14:$K$213)="",LOOKUP(2,1/(('GOLDM Tracking'!$D$14:$D$213="Buy")*('GOLDM Tracking'!$E$14:$E$213<>"")),'GOLDM Tracking'!$Q$14:$Q$213),IF(LOOKUP(2,1/(('GOLDM Tracking'!$D$14:$D$213="Buy")*('GOLDM Tracking'!$E$14:$E$213<>"")),'GOLDM Tracking'!$Q$14:$Q$213)="",LOOKUP(2,1/(('GOLDM Tracking'!$D$14:$D$213="Buy")*('GOLDM Tracking'!$E$14:$E$213<>"")),'GOLDM Tracking'!$K$14:$K$213),MIN(LOOKUP(2,1/(('GOLDM Tracking'!$D$14:$D$213="Buy")*('GOLDM Tracking'!$E$14:$E$213<>"")),'GOLDM Tracking'!$K$14:$K$213),LOOKUP(2,1/(('GOLDM Tracking'!$D$14:$D$213="Buy")*('GOLDM Tracking'!$E$14:$E$213<>"")),'GOLDM Tracking'!$Q$14:$Q$213))))),""),IF($A$21="Normal Buy",IF(ISNUMBER(D14),D14,""),IF($A$21="Gap Up Buy",IF(ISNUMBER(D16),D16,""),""))) -> 153790.15 | E21: =IF($B$9="Buy Holding",IFERROR(IF(AND(LOOKUP(2,1/(('GOLDM Tracking'!$D$14:$D$213="Buy")*('GOLDM Tracking'!$E$14:$E$213<>"")),'GOLDM Tracking'!$N$14:$N$213)="",LOOKUP(2,1/(('GOLDM Tracking'!$D$14:$D$213="Buy")*('GOLDM Tracking'!$E$14:$E$213<>"")),'GOLDM Tracking'!$T$14:$T$213)=""),"",IF(LOOKUP(2,1/(('GOLDM Tracking'!$D$14:$D$213="Buy")*('GOLDM Tracking'!$E$14:$E$213<>"")),'GOLDM Tracking'!$N$14:$N$213)="",LOOKUP(2,1/(('GOLDM Tracking'!$D$14:$D$213="Buy")*('GOLDM Tracking'!$E$14:$E$213<>"")),'GOLDM Tracking'!$T$14:$T$213),IF(LOOKUP(2,1/(('GOLDM Tracking'!$D$14:$D$213="Buy")*('GOLDM Tracking'!$E$14:$E$213<>"")),'GOLDM Tracking'!$T$14:$T$213)="",LOOKUP(2,1/(('GOLDM Tracking'!$D$14:$D$213="Buy")*('GOLDM Tracking'!$E$14:$E$213<>"")),'GOLDM Tracking'!$N$14:$N$213),MIN(LOOKUP(2,1/(('GOLDM Tracking'!$D$14:$D$213="Buy")*('GOLDM Tracking'!$E$14:$E$213<>"")),'GOLDM Tracking'!$N$14:$N$213),LOOKUP(2,1/(('GOLDM Tracking'!$D$14:$D$213="Buy")*('GOLDM Tracking'!$E$14:$E$213<>"")),'GOLDM Tracking'!$T$14:$T$213))))),""),IF($A$21="Normal Buy",IF(ISNUMBER(E14),E14,""),IF($A$21="Gap Up Buy",IF(ISNUMBER(E16),E16,""),""))) -> 153790.15 | F21: =IF($C$9<>"",$C$9,IF($B$9="","",$B$9)) -> Target Triggered | G21: =IF($B$9="Buy Holding","Latest Tracking Buy",IF($A$21="","",$A$21)) -> Normal Buy
A22: Normal Sell | B22: =IF($B$10="Sell Holding",IFERROR(LOOKUP(2,1/(('GOLDM Tracking'!$D$14:$D$213="Sell")*('GOLDM Tracking'!$E$14:$E$213<>"")),'GOLDM Tracking'!$E$14:$E$213),""),IF($A$22="Normal Sell",IF(ISNUMBER(B15),B15,""),IF($A$22="Gap Down Sell",IF(ISNUMBER(B17),B17,""),""))) -> 158921.07 | C22: =IF($B$10="Sell Holding",IFERROR(LOOKUP(2,1/(('GOLDM Tracking'!$D$14:$D$213="Sell")*('GOLDM Tracking'!$E$14:$E$213<>"")),'GOLDM Tracking'!$F$14:$F$213),""),IF($A$22="Normal Sell",IF(ISNUMBER(C15),C15,""),IF($A$22="Gap Down Sell",IF(ISNUMBER(C17),C17,""),""))) -> 156537.25 | D22: =IF($B$10="Sell Holding",IFERROR(IF(AND(LOOKUP(2,1/(('GOLDM Tracking'!$D$14:$D$213="Sell")*('GOLDM Tracking'!$E$14:$E$213<>"")),'GOLDM Tracking'!$K$14:$K$213)="",LOOKUP(2,1/(('GOLDM Tracking'!$D$14:$D$213="Sell")*('GOLDM Tracking'!$E$14:$E$213<>"")),'GOLDM Tracking'!$Q$14:$Q$213)=""),"",IF(LOOKUP(2,1/(('GOLDM Tracking'!$D$14:$D$213="Sell")*('GOLDM Tracking'!$E$14:$E$213<>"")),'GOLDM Tracking'!$K$14:$K$213)="",LOOKUP(2,1/(('GOLDM Tracking'!$D$14:$D$213="Sell")*('GOLDM Tracking'!$E$14:$E$213<>"")),'GOLDM Tracking'!$Q$14:$Q$213),IF(LOOKUP(2,1/(('GOLDM Tracking'!$D$14:$D$213="Sell")*('GOLDM Tracking'!$E$14:$E$213<>"")),'GOLDM Tracking'!$Q$14:$Q$213)="",LOOKUP(2,1/(('GOLDM Tracking'!$D$14:$D$213="Sell")*('GOLDM Tracking'!$E$14:$E$213<>"")),'GOLDM Tracking'!$K$14:$K$213),MAX(LOOKUP(2,1/(('GOLDM Tracking'!$D$14:$D$213="Sell")*('GOLDM Tracking'!$E$14:$E$213<>"")),'GOLDM Tracking'!$K$14:$K$213),LOOKUP(2,1/(('GOLDM Tracking'!$D$14:$D$213="Sell")*('GOLDM Tracking'!$E$14:$E$213<>"")),'GOLDM Tracking'!$Q$14:$Q$213))))),""),IF($A$22="Normal Sell",IF(ISNUMBER(D15),D15,""),IF($A$22="Gap Down Sell",IF(ISNUMBER(D17),D17,""),""))) -> 161304.88 | E22: =IF($B$10="Sell Holding",IFERROR(IF(AND(LOOKUP(2,1/(('GOLDM Tracking'!$D$14:$D$213="Sell")*('GOLDM Tracking'!$E$14:$E$213<>"")),'GOLDM Tracking'!$N$14:$N$213)="",LOOKUP(2,1/(('GOLDM Tracking'!$D$14:$D$213="Sell")*('GOLDM Tracking'!$E$14:$E$213<>"")),'GOLDM Tracking'!$T$14:$T$213)=""),"",IF(LOOKUP(2,1/(('GOLDM Tracking'!$D$14:$D$213="Sell")*('GOLDM Tracking'!$E$14:$E$213<>"")),'GOLDM Tracking'!$N$14:$N$213)="",LOOKUP(2,1/(('GOLDM Tracking'!$D$14:$D$213="Sell")*('GOLDM Tracking'!$E$14:$E$213<>"")),'GOLDM Tracking'!$T$14:$T$213),IF(LOOKUP(2,1/(('GOLDM Tracking'!$D$14:$D$213="Sell")*('GOLDM Tracking'!$E$14:$E$213<>"")),'GOLDM Tracking'!$T$14:$T$213)="",LOOKUP(2,1/(('GOLDM Tracking'!$D$14:$D$213="Sell")*('GOLDM Tracking'!$E$14:$E$213<>"")),'GOLDM Tracking'!$N$14:$N$213),MAX(LOOKUP(2,1/(('GOLDM Tracking'!$D$14:$D$213="Sell")*('GOLDM Tracking'!$E$14:$E$213<>"")),'GOLDM Tracking'!$N$14:$N$213),LOOKUP(2,1/(('GOLDM Tracking'!$D$14:$D$213="Sell")*('GOLDM Tracking'!$E$14:$E$213<>"")),'GOLDM Tracking'!$T$14:$T$213))))),""),IF($A$22="Normal Sell",IF(ISNUMBER(E15),E15,""),IF($A$22="Gap Down Sell",IF(ISNUMBER(E17),E17,""),""))) -> 161304.88 | F22: =IF($C$10<>"",$C$10,IF($B$10="","",$B$10)) -> Sell Holding | G22: =IF($B$10="Sell Holding","Latest Tracking Sell",IF($A$22="","",$A$22)) -> Latest Tracking Sell
A25: Check | B25: Order Direction | C25: Compare Input | D25: Selected Level | E25: Result | F25: Instruction | G25: Final Value
A26: Buy Entry | B26: Buy | C26: First 10-Min High | D26: Selected Buy Entry | E26: =IF(OR($B$9<>"No Holdings",$C$9<>"",NOT(ISNUMBER($B$21)),NOT(ISNUMBER($B$7))),"",IF($B$7>=$B$21,"MISSED","NOT MISSED")) | F26: =IF(E26="","",IF(E26="MISSED",IF($A$21="Normal Buy","WAIT FOR GAP-UP INPUT","DO NOT PLACE — ENTRY PASSED"),IF($A$21="Normal Buy","PLACE AFTER 9:10 AM","PLACE AFTER 9:15 AM"))) | G26: =IF(AND($B$9="No Holdings",$C$9="",ISNUMBER($B$21)),ROUND($B$21,0),"")
A27: Sell Entry | B27: Sell | C27: First 10-Min Low | D27: Selected Sell Entry | E27: =IF(OR($B$10<>"No Holdings",$C$10<>"",NOT(ISNUMBER($B$22)),NOT(ISNUMBER($B$8))),"",IF($B$8<=$B$22,"MISSED","NOT MISSED")) | F27: =IF(E27="","",IF(E27="MISSED",IF($A$22="Normal Sell","WAIT FOR GAP-DOWN INPUT","DO NOT PLACE — ENTRY PASSED"),IF($A$22="Normal Sell","PLACE AFTER 9:10 AM","PLACE AFTER 9:15 AM"))) | G27: =IF(AND($B$10="No Holdings",$C$10="",ISNUMBER($B$22)),ROUND($B$22,0),"")
A28: Buy Target | B28: Sell | C28: Opening Price | D28: Selected Buy Target | E28: =IF(OR($C$9<>"Entry Triggered",NOT(ISNUMBER($C$21)),NOT(ISNUMBER($B$6))),"",IF($B$6>=$C$21,"MISSED","NOT MISSED")) | F28: =IF(E28="","",IF(E28="MISSED","EXIT AT CURRENT MARKET PRICE","PLACE LIMIT ORDER AT 9:00 AM")) | G28: =IF(AND($C$9="Entry Triggered",ISNUMBER($C$21)),ROUND($C$21,0),"")
A29: Sell Target | B29: Buy | C29: Opening Price | D29: Selected Sell Target | E29: =IF(OR($C$10<>"Entry Triggered",NOT(ISNUMBER($C$22)),NOT(ISNUMBER($B$6))),"",IF($B$6<=$C$22,"MISSED","NOT MISSED")) | F29: =IF(E29="","",IF(E29="MISSED","EXIT AT CURRENT MARKET PRICE","PLACE LIMIT ORDER AT 9:00 AM")) | G29: =IF(AND($C$10="Entry Triggered",ISNUMBER($C$22)),ROUND($C$22,0),"")
A30: Buy SL1 | B30: Sell | C30: First 10-Min Low | D30: Selected Buy SL1 | E30: =IF(OR($C$9<>"Entry Triggered",NOT(ISNUMBER($D$21)),NOT(ISNUMBER($B$8))),"",IF($B$8<=$D$21,"MISSED","NOT MISSED")) | F30: =IF(E30="","",IF(E30="MISSED","WAIT FOR GAP-DOWN SL1","PLACE ORDER AT 9:10 AM")) | G30: =IF(AND($C$9="Entry Triggered",ISNUMBER($D$21)),ROUND($D$21,0),"")
A31: Buy SL2 | B31: Sell | C31: First 10-Min Low | D31: Selected Buy SL2 | E31: =IF(OR($C$9<>"Target Triggered",NOT(ISNUMBER($E$21)),NOT(ISNUMBER($B$8))),"",IF($B$8<=$E$21,"MISSED","NOT MISSED")) -> MISSED | F31: =IF(E31="","",IF(E31="MISSED","WAIT FOR GAP-DOWN SL2","PLACE ORDER AT 9:10 AM")) -> WAIT FOR GAP-DOWN SL2 | G31: =IF(AND($C$9="Target Triggered",ISNUMBER($E$21)),ROUND($E$21,0),"") -> 153790
A32: Sell SL1 | B32: Buy | C32: First 10-Min High | D32: Selected Sell SL1 | E32: =IF(OR($C$10<>"Entry Triggered",NOT(ISNUMBER($D$22)),NOT(ISNUMBER($B$7))),"",IF($B$7>=$D$22,"MISSED","NOT MISSED")) | F32: =IF(E32="","",IF(E32="MISSED","WAIT FOR GAP-UP SL1","PLACE ORDER AT 9:10 AM")) | G32: =IF(AND($C$10="Entry Triggered",ISNUMBER($D$22)),ROUND($D$22,0),"")
A33: Sell SL2 | B33: Buy | C33: First 10-Min High | D33: Selected Sell SL2 | E33: =IF(OR($C$10<>"Target Triggered",NOT(ISNUMBER($E$22)),NOT(ISNUMBER($B$7))),"",IF($B$7>=$E$22,"MISSED","NOT MISSED")) | F33: =IF(E33="","",IF(E33="MISSED","WAIT FOR GAP-UP SL2","PLACE ORDER AT 9:10 AM")) | G33: =IF(AND($C$10="Target Triggered",ISNUMBER($E$22)),ROUND($E$22,0),"")
A36: BUY TRADE ORDER TICKET | B36: BUY TRADE ORDER TICKET | C36: BUY TRADE ORDER TICKET | D36: BUY TRADE ORDER TICKET | E36: BUY TRADE ORDER TICKET | F36: BUY TRADE ORDER TICKET | G36: BUY TRADE ORDER TICKET | H36: BUY TRADE ORDER TICKET | I36: BUY TRADE ORDER TICKET
A37: Level | B37: Direction | C37: Order Type | D37: Lots | E37: Trigger Price | F37: Price | G37: Limit Price | H37: Placing Time | I37: Instruction
A38: Entry | B38: Buy | C38: Stoploss Order | D38: =IF(AND($B$9="No Holdings",$C$9="",$E$26="NOT MISSED"),$B$5,"") | E38: =IF(D38="","",$G$26) | F38: =IF(E38="","",ROUND(E38*(1+Settings!$K$9),0)) | H38: =IF(D38="","",IF($A$21="Normal Buy","After 9:10 AM","After 9:15 AM")) | I38: =IF(AND($B$9="No Holdings",$C$9=""),$F$26,"")
A39: Target | B39: Sell | C39: Limit Order | D39: =IF(AND($C$9="Entry Triggered",$E$28="NOT MISSED"),$B$5/2,"") | G39: =IF(D39="","",$G$28) | H39: =IF(D39="","","9:00 AM") | I39: =IF($C$9="Entry Triggered",$F$28,"")
A40: Stoploss 1 | B40: Sell | C40: Stoploss Order | D40: =IF(AND($C$9="Entry Triggered",$E$30="NOT MISSED"),$B$5,"") | E40: =IF(D40="","",$G$30) | F40: =IF(E40="","",ROUND(E40*(1-Settings!$K$9),0)) | H40: =IF(D40="","","9:10 AM") | I40: =IF($C$9="Stoploss 1 Triggered","START FRESH ORDER FROM TOMORROW",IF($C$9="Entry Triggered",$F$30,""))
A41: Stoploss 2 | B41: Sell | C41: Stoploss Order | D41: =IF(AND($C$9="Target Triggered",$E$31="NOT MISSED"),$B$5/2,"") | E41: =IF(D41="","",$G$31) | F41: =IF(E41="","",ROUND(E41*(1-Settings!$K$9),0)) | H41: =IF(D41="","","9:10 AM") | I41: =IF($C$9="Stoploss 2 Triggered","START FRESH ORDER FROM TOMORROW",IF($C$9="Target Triggered",$F$31,"")) -> WAIT FOR GAP-DOWN SL2
A44: SELL TRADE ORDER TICKET | B44: SELL TRADE ORDER TICKET | C44: SELL TRADE ORDER TICKET | D44: SELL TRADE ORDER TICKET | E44: SELL TRADE ORDER TICKET | F44: SELL TRADE ORDER TICKET | G44: SELL TRADE ORDER TICKET | H44: SELL TRADE ORDER TICKET | I44: SELL TRADE ORDER TICKET
A45: Level | B45: Direction | C45: Order Type | D45: Lots | E45: Trigger Price | F45: Price | G45: Limit Price | H45: Placing Time | I45: Instruction
A46: Entry | B46: Sell | C46: Stoploss Order | D46: =IF(AND($B$10="No Holdings",$C$10="",$E$27="NOT MISSED"),$B$5,"") | E46: =IF(D46="","",$G$27) | F46: =IF(E46="","",ROUND(E46*(1-Settings!$K$9),0)) | H46: =IF(D46="","",IF($A$22="Normal Sell","After 9:10 AM","After 9:15 AM")) | I46: =IF(AND($B$10="No Holdings",$C$10=""),$F$27,"")
A47: Target | B47: Buy | C47: Limit Order | D47: =IF(AND($C$10="Entry Triggered",$E$29="NOT MISSED"),$B$5/2,"") | G47: =IF(D47="","",$G$29) | H47: =IF(D47="","","9:00 AM") | I47: =IF($C$10="Entry Triggered",$F$29,"")
A48: Stoploss 1 | B48: Buy | C48: Stoploss Order | D48: =IF(AND($C$10="Entry Triggered",$E$32="NOT MISSED"),$B$5,"") | E48: =IF(D48="","",$G$32) | F48: =IF(E48="","",ROUND(E48*(1+Settings!$K$9),0)) | H48: =IF(D48="","","9:10 AM") | I48: =IF($C$10="Stoploss 1 Triggered","START FRESH ORDER FROM TOMORROW",IF($C$10="Entry Triggered",$F$32,""))
A49: Stoploss 2 | B49: Buy | C49: Stoploss Order | D49: =IF(AND($C$10="Target Triggered",$E$33="NOT MISSED"),$B$5/2,"") | E49: =IF(D49="","",$G$33) | F49: =IF(E49="","",ROUND(E49*(1+Settings!$K$9),0)) | H49: =IF(D49="","","9:10 AM") | I49: =IF($C$10="Stoploss 2 Triggered","START FRESH ORDER FROM TOMORROW",IF($C$10="Target Triggered",$F$33,""))
A51: OPERATING CHECK: select A21/A22 setup, B9/B10 position source and C9/C10 trade stage. Only populated ticket rows are actionable; MISSED suppresses that order. | B51: OPERATING CHECK: select the setup and status first, enter opening / 10-minute prices, then act only on populated ticket rows. A MISSED result suppresses the related actionable order. | C51: OPERATING CHECK: select the setup and status first, enter opening / 10-minute prices, then act only on populated ticket rows. A MISSED result suppresses the related actionable order. | D51: OPERATING CHECK: select the setup and status first, enter opening / 10-minute prices, then act only on populated ticket rows. A MISSED result suppresses the related actionable order. | E51: OPERATING CHECK: select the setup and status first, enter opening / 10-minute prices, then act only on populated ticket rows. A MISSED result suppresses the related actionable order. | F51: OPERATING CHECK: select the setup and status first, enter opening / 10-minute prices, then act only on populated ticket rows. A MISSED result suppresses the related actionable order. | G51: OPERATING CHECK: select the setup and status first, enter opening / 10-minute prices, then act only on populated ticket rows. A MISSED result suppresses the related actionable order. | H51: OPERATING CHECK: select the setup and status first, enter opening / 10-minute prices, then act only on populated ticket rows. A MISSED result suppresses the related actionable order. | I51: OPERATING CHECK: select the setup and status first, enter opening / 10-minute prices, then act only on populated ticket rows. A MISSED result suppresses the related actionable order.
A52: OPERATING CHECK: select the setup and status first, enter opening / 10-minute prices, then act only on populated ticket rows. A MISSED result suppresses the related actionable order. | B52: OPERATING CHECK: select the setup and status first, enter opening / 10-minute prices, then act only on populated ticket rows. A MISSED result suppresses the related actionable order. | C52: OPERATING CHECK: select the setup and status first, enter opening / 10-minute prices, then act only on populated ticket rows. A MISSED result suppresses the related actionable order. | D52: OPERATING CHECK: select the setup and status first, enter opening / 10-minute prices, then act only on populated ticket rows. A MISSED result suppresses the related actionable order. | E52: OPERATING CHECK: select the setup and status first, enter opening / 10-minute prices, then act only on populated ticket rows. A MISSED result suppresses the related actionable order. | F52: OPERATING CHECK: select the setup and status first, enter opening / 10-minute prices, then act only on populated ticket rows. A MISSED result suppresses the related actionable order. | G52: OPERATING CHECK: select the setup and status first, enter opening / 10-minute prices, then act only on populated ticket rows. A MISSED result suppresses the related actionable order. | H52: OPERATING CHECK: select the setup and status first, enter opening / 10-minute prices, then act only on populated ticket rows. A MISSED result suppresses the related actionable order. | I52: OPERATING CHECK: select the setup and status first, enter opening / 10-minute prices, then act only on populated ticket rows. A MISSED result suppresses the related actionable order.
A53: TRADING SECRETS ACADEMY PVT LTD | Quality, Trust, Consistency & Ethics
A54: Office Support: Mrs. Sathyavani +91 90425 87730 | Mrs. Suganya +91 80569 25382
A55: Calculations & Live Market Support: Mr. Vanaraja +91 7200575175 | Mr. Gokul +91 7200575154
A56: Registered: Sivaganga 630611 | Head Office: West Tambaram, Chennai 600045

Sheet GOLDM Tracking
C1: TRADING SECRETS ACADEMY PVT LTD | D1: TRADING SECRETS ACADEMY PVT LTD | E1: TRADING SECRETS ACADEMY PVT LTD | F1: TRADING SECRETS ACADEMY PVT LTD | G1: TRADING SECRETS ACADEMY PVT LTD | H1: TRADING SECRETS ACADEMY PVT LTD | I1: TRADING SECRETS ACADEMY PVT LTD | J1: TRADING SECRETS ACADEMY PVT LTD | K1: TRADING SECRETS ACADEMY PVT LTD | L1: TRADING SECRETS ACADEMY PVT LTD | M1: TRADING SECRETS ACADEMY PVT LTD | N1: TRADING SECRETS ACADEMY PVT LTD | O1: TRADING SECRETS ACADEMY PVT LTD | P1: TRADING SECRETS ACADEMY PVT LTD | Q1: TRADING SECRETS ACADEMY PVT LTD | R1: TRADING SECRETS ACADEMY PVT LTD | S1: TRADING SECRETS ACADEMY PVT LTD | T1: TRADING SECRETS ACADEMY PVT LTD | U1: TRADING SECRETS ACADEMY PVT LTD | V1: TRADING SECRETS ACADEMY PVT LTD | W1: TRADING SECRETS ACADEMY PVT LTD | X1: MCX GOLDM 200-TRADE REGISTER | Y1: MCX GOLDTEN 200-TRADE REGISTER | Z1: MCX GOLDTEN 200-TRADE REGISTER
C2: Quality, Trust, Consistency & Ethics | D2: Quality, Trust, Consistency & Ethics | E2: Quality, Trust, Consistency & Ethics | F2: Quality, Trust, Consistency & Ethics | G2: Quality, Trust, Consistency & Ethics | H2: Quality, Trust, Consistency & Ethics | I2: Quality, Trust, Consistency & Ethics | J2: Quality, Trust, Consistency & Ethics | K2: Quality, Trust, Consistency & Ethics | L2: Quality, Trust, Consistency & Ethics | M2: Quality, Trust, Consistency & Ethics | N2: Quality, Trust, Consistency & Ethics | O2: Quality, Trust, Consistency & Ethics | P2: Quality, Trust, Consistency & Ethics | Q2: Quality, Trust, Consistency & Ethics | R2: Quality, Trust, Consistency & Ethics | S2: Quality, Trust, Consistency & Ethics | T2: Quality, Trust, Consistency & Ethics | U2: Quality, Trust, Consistency & Ethics | V2: Quality, Trust, Consistency & Ethics | W2: Quality, Trust, Consistency & Ethics | X2: MCX GOLDTEN 200-TRADE REGISTER | Y2: MCX GOLDTEN 200-TRADE REGISTER | Z2: MCX GOLDTEN 200-TRADE REGISTER
C3: TRADE TRACKING & PERFORMANCE | D3: TRADE TRACKING & PERFORMANCE | E3: TRADE TRACKING & PERFORMANCE | F3: TRADE TRACKING & PERFORMANCE | G3: TRADE TRACKING & PERFORMANCE | H3: TRADE TRACKING & PERFORMANCE | I3: TRADE TRACKING & PERFORMANCE | J3: TRADE TRACKING & PERFORMANCE | K3: TRADE TRACKING & PERFORMANCE | L3: TRADE TRACKING & PERFORMANCE | M3: TRADE TRACKING & PERFORMANCE | N3: TRADE TRACKING & PERFORMANCE | O3: TRADE TRACKING & PERFORMANCE | P3: TRADE TRACKING & PERFORMANCE | Q3: TRADE TRACKING & PERFORMANCE | R3: TRADE TRACKING & PERFORMANCE | S3: TRADE TRACKING & PERFORMANCE | T3: TRADE TRACKING & PERFORMANCE | U3: TRADE TRACKING & PERFORMANCE | V3: TRADE TRACKING & PERFORMANCE | W3: TRADE TRACKING & PERFORMANCE | X3: MCX GOLDTEN 200-TRADE REGISTER | Y3: MCX GOLDTEN 200-TRADE REGISTER | Z3: MCX GOLDTEN 200-TRADE REGISTER
A4: Licence Number: TSA-MURU-2419 | Name: MURUGAN M | Mail ID: muruganm56789@gmail.com | Contact Number: 8610022419
N5: WORKFLOW 1. Enter trade details and original levels. 2. Enter requested 2-day / 4-day or gap inputs when needed. 3. Select Exit 1 and Exit 2. 4. The sheet calculates each leg and reconciles Total P&L automatically. | O5: WORKFLOW 1. Enter trade details and original levels. 2. Enter requested 2-day / 4-day or gap inputs when needed. 3. Select Exit 1 and Exit 2. 4. The sheet calculates each leg and reconciles Total P&L automatically. | P5: WORKFLOW 1. Enter trade details and original levels. 2. Enter requested 2-day / 4-day or gap inputs when needed. 3. Select Exit 1 and Exit 2. 4. The sheet calculates each leg and reconciles Total P&L automatically. | Q5: WORKFLOW 1. Enter trade details and original levels. 2. Enter requested 2-day / 4-day or gap inputs when needed. 3. Select Exit 1 and Exit 2. 4. The sheet calculates each leg and reconciles Total P&L automatically. | R5: WORKFLOW 1. Enter trade details and original levels. 2. Enter requested 2-day / 4-day or gap inputs when needed. 3. Select Exit 1 and Exit 2. 4. The sheet calculates each leg and reconciles Total P&L automatically. | S5: WORKFLOW 1. Enter trade details and original levels. 2. Enter requested 2-day / 4-day or gap inputs when needed. 3. Select Exit 1 and Exit 2. 4. The sheet calculates each leg and reconciles Total P&L automatically. | T5: WORKFLOW 1. Enter trade details and original levels. 2. Enter requested 2-day / 4-day or gap inputs when needed. 3. Select Exit 1 and Exit 2. 4. The sheet calculates each leg and reconciles Total P&L automatically. | U5: WORKFLOW 1. Enter trade details and original levels. 2. Enter requested 2-day / 4-day or gap inputs when needed. 3. Select Exit 1 and Exit 2. 4. The sheet calculates each leg and reconciles Total P&L automatically. | V5: WORKFLOW 1. Enter trade details and original levels. 2. Enter requested 2-day / 4-day or gap inputs when needed. 3. Select Exit 1 and Exit 2. 4. The sheet calculates each leg and reconciles Total P&L automatically. | W5: WORKFLOW 1. Enter trade details and original levels. 2. Enter requested 2-day / 4-day or gap inputs when needed. 3. Select Exit 1 and Exit 2. 4. The sheet calculates each leg and reconciles Total P&L automatically. | X5: WORKFLOW 1. Enter trade details and original levels. 2. Enter requested 2-day / 4-day or gap inputs when needed. 3. Select Exit 1 and Exit 2. 4. The sheet calculates each leg and reconciles Total P&L automatically. | Y5: WORKFLOW 1. Enter trade details and original levels. 2. Enter requested 2-day / 4-day or gap inputs when needed. 3. Select Exit 1 and Exit 2. 4. The sheet calculates each leg and reconciles Total P&L automatically. | Z5: WORKFLOW 1. Enter trade details and original levels. 2. Enter requested 2-day / 4-day or gap inputs when needed. 3. Select Exit 1 and Exit 2. 4. The sheet calculates each leg and reconciles Total P&L automatically.
F6: OVERALL PERFORMANCE | G6: OVERALL PERFORMANCE | H6: 0 | J6: TRADE QUALITY | K6: TRADE QUALITY | L6: 0 | N6: WORKFLOW 1. Enter trade details and original levels. 2. Enter requested 2-day / 4-day or gap inputs when needed. 3. Select Exit 1 and Exit 2. 4. The sheet calculates each leg and reconciles Total P&L automatically. | O6: WORKFLOW 1. Enter trade details and original levels. 2. Enter requested 2-day / 4-day or gap inputs when needed. 3. Select Exit 1 and Exit 2. 4. The sheet calculates each leg and reconciles Total P&L automatically. | P6: WORKFLOW 1. Enter trade details and original levels. 2. Enter requested 2-day / 4-day or gap inputs when needed. 3. Select Exit 1 and Exit 2. 4. The sheet calculates each leg and reconciles Total P&L automatically. | Q6: WORKFLOW 1. Enter trade details and original levels. 2. Enter requested 2-day / 4-day or gap inputs when needed. 3. Select Exit 1 and Exit 2. 4. The sheet calculates each leg and reconciles Total P&L automatically. | R6: WORKFLOW 1. Enter trade details and original levels. 2. Enter requested 2-day / 4-day or gap inputs when needed. 3. Select Exit 1 and Exit 2. 4. The sheet calculates each leg and reconciles Total P&L automatically. | S6: WORKFLOW 1. Enter trade details and original levels. 2. Enter requested 2-day / 4-day or gap inputs when needed. 3. Select Exit 1 and Exit 2. 4. The sheet calculates each leg and reconciles Total P&L automatically. | T6: WORKFLOW 1. Enter trade details and original levels. 2. Enter requested 2-day / 4-day or gap inputs when needed. 3. Select Exit 1 and Exit 2. 4. The sheet calculates each leg and reconciles Total P&L automatically. | U6: WORKFLOW 1. Enter trade details and original levels. 2. Enter requested 2-day / 4-day or gap inputs when needed. 3. Select Exit 1 and Exit 2. 4. The sheet calculates each leg and reconciles Total P&L automatically. | V6: WORKFLOW 1. Enter trade details and original levels. 2. Enter requested 2-day / 4-day or gap inputs when needed. 3. Select Exit 1 and Exit 2. 4. The sheet calculates each leg and reconciles Total P&L automatically. | W6: WORKFLOW 1. Enter trade details and original levels. 2. Enter requested 2-day / 4-day or gap inputs when needed. 3. Select Exit 1 and Exit 2. 4. The sheet calculates each leg and reconciles Total P&L automatically. | X6: WORKFLOW 1. Enter trade details and original levels. 2. Enter requested 2-day / 4-day or gap inputs when needed. 3. Select Exit 1 and Exit 2. 4. The sheet calculates each leg and reconciles Total P&L automatically. | Y6: WORKFLOW 1. Enter trade details and original levels. 2. Enter requested 2-day / 4-day or gap inputs when needed. 3. Select Exit 1 and Exit 2. 4. The sheet calculates each leg and reconciles Total P&L automatically. | Z6: WORKFLOW 1. Enter trade details and original levels. 2. Enter requested 2-day / 4-day or gap inputs when needed. 3. Select Exit 1 and Exit 2. 4. The sheet calculates each leg and reconciles Total P&L automatically.
A7: TRADING INPUTS | F7: Capital Used (₹) | H7: 800000 | J7: Winning Trades | L7: =COUNTIF(Y14:Y213,">0") -> 2 | N7: WORKFLOW 1. Enter trade details and original levels. 2. Enter requested 2-day / 4-day or gap inputs when needed. 3. Select Exit 1 and Exit 2. 4. The sheet calculates each leg and reconciles Total P&L automatically. | O7: WORKFLOW 1. Enter trade details and original levels. 2. Enter requested 2-day / 4-day or gap inputs when needed. 3. Select Exit 1 and Exit 2. 4. The sheet calculates each leg and reconciles Total P&L automatically. | P7: WORKFLOW 1. Enter trade details and original levels. 2. Enter requested 2-day / 4-day or gap inputs when needed. 3. Select Exit 1 and Exit 2. 4. The sheet calculates each leg and reconciles Total P&L automatically. | Q7: WORKFLOW 1. Enter trade details and original levels. 2. Enter requested 2-day / 4-day or gap inputs when needed. 3. Select Exit 1 and Exit 2. 4. The sheet calculates each leg and reconciles Total P&L automatically. | R7: WORKFLOW 1. Enter trade details and original levels. 2. Enter requested 2-day / 4-day or gap inputs when needed. 3. Select Exit 1 and Exit 2. 4. The sheet calculates each leg and reconciles Total P&L automatically. | S7: WORKFLOW 1. Enter trade details and original levels. 2. Enter requested 2-day / 4-day or gap inputs when needed. 3. Select Exit 1 and Exit 2. 4. The sheet calculates each leg and reconciles Total P&L automatically. | T7: WORKFLOW 1. Enter trade details and original levels. 2. Enter requested 2-day / 4-day or gap inputs when needed. 3. Select Exit 1 and Exit 2. 4. The sheet calculates each leg and reconciles Total P&L automatically. | U7: WORKFLOW 1. Enter trade details and original levels. 2. Enter requested 2-day / 4-day or gap inputs when needed. 3. Select Exit 1 and Exit 2. 4. The sheet calculates each leg and reconciles Total P&L automatically. | V7: WORKFLOW 1. Enter trade details and original levels. 2. Enter requested 2-day / 4-day or gap inputs when needed. 3. Select Exit 1 and Exit 2. 4. The sheet calculates each leg and reconciles Total P&L automatically. | W7: WORKFLOW 1. Enter trade details and original levels. 2. Enter requested 2-day / 4-day or gap inputs when needed. 3. Select Exit 1 and Exit 2. 4. The sheet calculates each leg and reconciles Total P&L automatically. | X7: WORKFLOW 1. Enter trade details and original levels. 2. Enter requested 2-day / 4-day or gap inputs when needed. 3. Select Exit 1 and Exit 2. 4. The sheet calculates each leg and reconciles Total P&L automatically. | Y7: WORKFLOW 1. Enter trade details and original levels. 2. Enter requested 2-day / 4-day or gap inputs when needed. 3. Select Exit 1 and Exit 2. 4. The sheet calculates each leg and reconciles Total P&L automatically. | Z7: WORKFLOW 1. Enter trade details and original levels. 2. Enter requested 2-day / 4-day or gap inputs when needed. 3. Select Exit 1 and Exit 2. 4. The sheet calculates each leg and reconciles Total P&L automatically.
A8: Number of Lots | C8: 2 | F8: Overall Profit / Loss (₹) | H8: =SUM(Y14:Y213) -> 175293.42 | J8: Losing Trades | L8: =COUNTIF(Y14:Y213,"<0") -> 0 | N8: WORKFLOW 1. Enter trade details and original levels. 2. Enter requested 2-day / 4-day or gap inputs when needed. 3. Select Exit 1 and Exit 2. 4. The sheet calculates each leg and reconciles Total P&L automatically. | O8: WORKFLOW 1. Enter trade details and original levels. 2. Enter requested 2-day / 4-day or gap inputs when needed. 3. Select Exit 1 and Exit 2. 4. The sheet calculates each leg and reconciles Total P&L automatically. | P8: WORKFLOW 1. Enter trade details and original levels. 2. Enter requested 2-day / 4-day or gap inputs when needed. 3. Select Exit 1 and Exit 2. 4. The sheet calculates each leg and reconciles Total P&L automatically. | Q8: WORKFLOW 1. Enter trade details and original levels. 2. Enter requested 2-day / 4-day or gap inputs when needed. 3. Select Exit 1 and Exit 2. 4. The sheet calculates each leg and reconciles Total P&L automatically. | R8: WORKFLOW 1. Enter trade details and original levels. 2. Enter requested 2-day / 4-day or gap inputs when needed. 3. Select Exit 1 and Exit 2. 4. The sheet calculates each leg and reconciles Total P&L automatically. | S8: WORKFLOW 1. Enter trade details and original levels. 2. Enter requested 2-day / 4-day or gap inputs when needed. 3. Select Exit 1 and Exit 2. 4. The sheet calculates each leg and reconciles Total P&L automatically. | T8: WORKFLOW 1. Enter trade details and original levels. 2. Enter requested 2-day / 4-day or gap inputs when needed. 3. Select Exit 1 and Exit 2. 4. The sheet calculates each leg and reconciles Total P&L automatically. | U8: WORKFLOW 1. Enter trade details and original levels. 2. Enter requested 2-day / 4-day or gap inputs when needed. 3. Select Exit 1 and Exit 2. 4. The sheet calculates each leg and reconciles Total P&L automatically. | V8: WORKFLOW 1. Enter trade details and original levels. 2. Enter requested 2-day / 4-day or gap inputs when needed. 3. Select Exit 1 and Exit 2. 4. The sheet calculates each leg and reconciles Total P&L automatically. | W8: WORKFLOW 1. Enter trade details and original levels. 2. Enter requested 2-day / 4-day or gap inputs when needed. 3. Select Exit 1 and Exit 2. 4. The sheet calculates each leg and reconciles Total P&L automatically. | X8: WORKFLOW 1. Enter trade details and original levels. 2. Enter requested 2-day / 4-day or gap inputs when needed. 3. Select Exit 1 and Exit 2. 4. The sheet calculates each leg and reconciles Total P&L automatically. | Y8: WORKFLOW 1. Enter trade details and original levels. 2. Enter requested 2-day / 4-day or gap inputs when needed. 3. Select Exit 1 and Exit 2. 4. The sheet calculates each leg and reconciles Total P&L automatically. | Z8: WORKFLOW 1. Enter trade details and original levels. 2. Enter requested 2-day / 4-day or gap inputs when needed. 3. Select Exit 1 and Exit 2. 4. The sheet calculates each leg and reconciles Total P&L automatically.
A9: Lot Size | C9: 10 | F9: Return % | H9: =IF(OR(H7="",H7<=0),"",H8/H7) -> 0.21911678 | J9: Win Rate | L9: =IF(H10=0,"",L7/H10) -> 1 | N9: WORKFLOW 1. Enter trade details and original levels. 2. Enter requested 2-day / 4-day or gap inputs when needed. 3. Select Exit 1 and Exit 2. 4. The sheet calculates each leg and reconciles Total P&L automatically. | O9: WORKFLOW 1. Enter trade details and original levels. 2. Enter requested 2-day / 4-day or gap inputs when needed. 3. Select Exit 1 and Exit 2. 4. The sheet calculates each leg and reconciles Total P&L automatically. | P9: WORKFLOW 1. Enter trade details and original levels. 2. Enter requested 2-day / 4-day or gap inputs when needed. 3. Select Exit 1 and Exit 2. 4. The sheet calculates each leg and reconciles Total P&L automatically. | Q9: WORKFLOW 1. Enter trade details and original levels. 2. Enter requested 2-day / 4-day or gap inputs when needed. 3. Select Exit 1 and Exit 2. 4. The sheet calculates each leg and reconciles Total P&L automatically. | R9: WORKFLOW 1. Enter trade details and original levels. 2. Enter requested 2-day / 4-day or gap inputs when needed. 3. Select Exit 1 and Exit 2. 4. The sheet calculates each leg and reconciles Total P&L automatically. | S9: WORKFLOW 1. Enter trade details and original levels. 2. Enter requested 2-day / 4-day or gap inputs when needed. 3. Select Exit 1 and Exit 2. 4. The sheet calculates each leg and reconciles Total P&L automatically. | T9: WORKFLOW 1. Enter trade details and original levels. 2. Enter requested 2-day / 4-day or gap inputs when needed. 3. Select Exit 1 and Exit 2. 4. The sheet calculates each leg and reconciles Total P&L automatically. | U9: WORKFLOW 1. Enter trade details and original levels. 2. Enter requested 2-day / 4-day or gap inputs when needed. 3. Select Exit 1 and Exit 2. 4. The sheet calculates each leg and reconciles Total P&L automatically. | V9: WORKFLOW 1. Enter trade details and original levels. 2. Enter requested 2-day / 4-day or gap inputs when needed. 3. Select Exit 1 and Exit 2. 4. The sheet calculates each leg and reconciles Total P&L automatically. | W9: WORKFLOW 1. Enter trade details and original levels. 2. Enter requested 2-day / 4-day or gap inputs when needed. 3. Select Exit 1 and Exit 2. 4. The sheet calculates each leg and reconciles Total P&L automatically. | X9: WORKFLOW 1. Enter trade details and original levels. 2. Enter requested 2-day / 4-day or gap inputs when needed. 3. Select Exit 1 and Exit 2. 4. The sheet calculates each leg and reconciles Total P&L automatically. | Y9: WORKFLOW 1. Enter trade details and original levels. 2. Enter requested 2-day / 4-day or gap inputs when needed. 3. Select Exit 1 and Exit 2. 4. The sheet calculates each leg and reconciles Total P&L automatically. | Z9: WORKFLOW 1. Enter trade details and original levels. 2. Enter requested 2-day / 4-day or gap inputs when needed. 3. Select Exit 1 and Exit 2. 4. The sheet calculates each leg and reconciles Total P&L automatically.
F10: Completed Trades | H10: =COUNT(Y14:Y213) -> 2 | J10: Open / Incomplete | L10: =MAX(0,COUNTA(D14:D213)-H10) -> 0
A12: TRADE DETAILS | B12: TRADE DETAILS | C12: TRADE DETAILS | D12: TRADE DETAILS | E12: TRADE DETAILS | F12: TRADE DETAILS | G12: TRADE DETAILS | H12: TRADE DETAILS | I12: STOP-LOSS RECALCULATION | J12: STOP-LOSS RECALCULATION | K12: STOP-LOSS RECALCULATION | L12: STOP-LOSS RECALCULATION | M12: STOP-LOSS RECALCULATION | N12: STOP-LOSS RECALCULATION | O12: STOP-LOSS RECALCULATION | P12: STOP-LOSS RECALCULATION | Q12: STOP-LOSS RECALCULATION | R12: STOP-LOSS RECALCULATION | S12: STOP-LOSS RECALCULATION | T12: STOP-LOSS RECALCULATION | U12: EXIT RESULTS | V12: EXIT RESULTS | W12: EXIT RESULTS | X12: EXIT RESULTS | Y12: FINAL RESULT | Z12: FINAL RESULT
A13: S.No | B13: Date | C13: Contract | D13: Trade Buy or Sell | E13: Entry | F13: Target | G13: Stoploss 1 | H13: Stoploss 2 | I13: SL1 Required Input | J13: SL1 Recalculation Input | K13: Stoploss 1 Recalculation | L13: SL2 Required Input | M13: SL2 Recalculation Input | N13: Stoploss 2 Recalculation | O13: Gap SL1 Required Input | P13: Gap SL1 Input | Q13: Gap Stoploss 1 Calculation | R13: Gap SL2 Required Input | S13: Gap SL2 Input | T13: Gap Stoploss 2 Calculation | U13: Exit 1 Selection | V13: Exit 1 Profit & Loss | W13: Exit 2 Selection | X13: Exit 2 Profit & Loss | Y13: Total P&L | Z13: Rollover Price
A14: 1 | B14: 46239 | C14: SEP | D14: Buy | E14: 145964.95 | F14: 148154.42 | G14: 143775.47 | H14: 143775.47 | I14: =IF(D14="Buy","Enter New 2DLL",IF(D14="Sell","Enter New 2DHH","")) -> Enter New 2DLL | J14: 143100 | K14: =IF(OR(D14="",E14=""),"",IF(J14="",G14,IF(D14="Buy",MROUND(MAX(E14*(1-Settings!$K$8),J14*(1-Settings!$K$6)),Settings!$K$10),MROUND(MIN(E14*(1+Settings!$K$8),J14*(1+Settings!$K$6)),Settings!$K$10)))) -> 143775 | L14: =IF(D14="Buy","Enter New 4DLL",IF(D14="Sell","Enter New 4DHH","")) -> Enter New 4DLL | M14: 159112 | N14: =IF(OR(D14="",E14=""),"",IF(M14="",H14,IF(D14="Buy",MROUND(MAX(E14*(1-Settings!$K$8),M14*(1-Settings!$K$6)),Settings!$K$10),MROUND(MIN(E14*(1+Settings!$K$8),M14*(1+Settings!$K$6)),Settings!$K$10)))) -> 158921 | O14: =IF(D14="Buy","Enter First 15-Minute Low",IF(D14="Sell","Enter First 15-Minute High","")) -> Enter First 15-Minute Low | P14: 143400 | Q14: =IF(OR(D14="",P14=""),"",IF(D14="Buy",MROUND(P14*(1-Settings!$K$6),Settings!$K$10),MROUND(P14*(1+Settings!$K$6),Settings!$K$10))) -> 143228 | R14: =IF(D14="Buy","Enter First 15-Minute Low",IF(D14="Sell","Enter First 15-Minute High","")) -> Enter First 15-Minute Low | T14: =IF(OR(D14="",S14=""),"",IF(D14="Buy",MROUND(S14*(1-Settings!$K$6),Settings!$K$10),MROUND(S14*(1+Settings!$K$6),Settings!$K$10))) | U14: Target Hit | V14: =IF(OR(D14="",E14="",U14="",$C$8="",$C$9=""),"",IF(U14="Target Hit",IF(F14="","",IF(D14="Buy",(F14-E14)*($C$8/2)*$C$9,(E14-F14)*($C$8/2)*$C$9)),IF(U14="Rollover",IF(Z14="","",IF(D14="Buy",(Z14-E14)*$C$8*$C$9,(E14-Z14)*$C$8*$C$9)),IF(U14="Stoploss 1 Hit",IF(K14="","",IF(D14="Buy",(K14-E14)*$C$8*$C$9,(E14-K14)*$C$8*$C$9)),IF(OR(AND(D14="Buy",U14="Gap Down Stoploss 1 Hit"),AND(D14="Sell",U14="Gap Up Stoploss 1 Hit")),IF(Q14="","",IF(D14="Buy",(Q14-E14)*$C$8*$C$9,(E14-Q14)*$C$8*$C$9)),""))))) -> 21894.742 | W14: Stoploss 2 Hit | X14: =IF(OR(D14="",E14="",U14<>"Target Hit",W14="",$C$8="",$C$9=""),"",IF(W14="Stoploss 2 Hit",IF(N14="","",IF(D14="Buy",(N14-E14)*($C$8/2)*$C$9,(E14-N14)*($C$8/2)*$C$9)),IF(W14="Rollover",IF(Z14="","",IF(D14="Buy",(Z14-E14)*($C$8/2)*$C$9,(E14-Z14)*($C$8/2)*$C$9)),IF(OR(AND(D14="Buy",W14="Gap Down Stoploss 2 Hit"),AND(D14="Sell",W14="Gap Up Stoploss 2 Hit")),IF(T14="","",IF(D14="Buy",(T14-E14)*($C$8/2)*$C$9,(E14-T14)*($C$8/2)*$C$9)),"")))) -> 129560.52 | Y14: =IF(AND(V14="",X14=""),"",SUM(V14,X14)) -> 151455.26
A15: 2 | B15: 46261 | C15: SEP | D15: Sell | E15: 158921.07 | F15: 156537.25 | G15: 161304.88 | H15: 161304.88 | I15: =IF(D15="Buy","Enter New 2DLL",IF(D15="Sell","Enter New 2DHH","")) -> Enter New 2DHH | K15: =IF(OR(D15="",E15=""),"",IF(J15="",G15,IF(D15="Buy",MROUND(MAX(E15*(1-Settings!$K$8),J15*(1-Settings!$K$6)),Settings!$K$10),MROUND(MIN(E15*(1+Settings!$K$8),J15*(1+Settings!$K$6)),Settings!$K$10)))) -> 161304.88 | L15: =IF(D15="Buy","Enter New 4DLL",IF(D15="Sell","Enter New 4DHH","")) -> Enter New 4DHH | N15: =IF(OR(D15="",E15=""),"",IF(M15="",H15,IF(D15="Buy",MROUND(MAX(E15*(1-Settings!$K$8),M15*(1-Settings!$K$6)),Settings!$K$10),MROUND(MIN(E15*(1+Settings!$K$8),M15*(1+Settings!$K$6)),Settings!$K$10)))) -> 161304.88 | O15: =IF(D15="Buy","Enter First 15-Minute Low",IF(D15="Sell","Enter First 15-Minute High","")) -> Enter First 15-Minute High | Q15: =IF(OR(D15="",P15=""),"",IF(D15="Buy",MROUND(P15*(1-Settings!$K$6),Settings!$K$10),MROUND(P15*(1+Settings!$K$6),Settings!$K$10))) | R15: =IF(D15="Buy","Enter First 15-Minute Low",IF(D15="Sell","Enter First 15-Minute High","")) -> Enter First 15-Minute High | T15: =IF(OR(D15="",S15=""),"",IF(D15="Buy",MROUND(S15*(1-Settings!$K$6),Settings!$K$10),MROUND(S15*(1+Settings!$K$6),Settings!$K$10))) | U15: Target Hit | V15: =IF(OR(D15="",E15="",U15="",$C$8="",$C$9=""),"",IF(U15="Target Hit",IF(F15="","",IF(D15="Buy",(F15-E15)*($C$8/2)*$C$9,(E15-F15)*($C$8/2)*$C$9)),IF(U15="Rollover",IF(Z15="","",IF(D15="Buy",(Z15-E15)*$C$8*$C$9,(E15-Z15)*$C$8*$C$9)),IF(U15="Stoploss 1 Hit",IF(K15="","",IF(D15="Buy",(K15-E15)*$C$8*$C$9,(E15-K15)*$C$8*$C$9)),IF(OR(AND(D15="Buy",U15="Gap Down Stoploss 1 Hit"),AND(D15="Sell",U15="Gap Up Stoploss 1 Hit")),IF(Q15="","",IF(D15="Buy",(Q15-E15)*$C$8*$C$9,(E15-Q15)*$C$8*$C$9)),""))))) -> 23838.16 | X15: =IF(OR(D15="",E15="",U15<>"Target Hit",W15="",$C$8="",$C$9=""),"",IF(W15="Stoploss 2 Hit",IF(N15="","",IF(D15="Buy",(N15-E15)*($C$8/2)*$C$9,(E15-N15)*($C$8/2)*$C$9)),IF(W15="Rollover",IF(Z15="","",IF(D15="Buy",(Z15-E15)*($C$8/2)*$C$9,(E15-Z15)*($C$8/2)*$C$9)),IF(OR(AND(D15="Buy",W15="Gap Down Stoploss 2 Hit"),AND(D15="Sell",W15="Gap Up Stoploss 2 Hit")),IF(T15="","",IF(D15="Buy",(T15-E15)*($C$8/2)*$C$9,(E15-T15)*($C$8/2)*$C$9)),"")))) | Y15: =IF(AND(V15="",X15=""),"",SUM(V15,X15)) -> 23838.16
A16: 3 | I16: =IF(D16="Buy","Enter New 2DLL",IF(D16="Sell","Enter New 2DHH","")) | K16: =IF(OR(D16="",E16=""),"",IF(J16="",G16,IF(D16="Buy",MROUND(MAX(E16*(1-Settings!$K$8),J16*(1-Settings!$K$6)),Settings!$K$10),MROUND(MIN(E16*(1+Settings!$K$8),J16*(1+Settings!$K$6)),Settings!$K$10)))) | L16: =IF(D16="Buy","Enter New 4DLL",IF(D16="Sell","Enter New 4DHH","")) | N16: =IF(OR(D16="",E16=""),"",IF(M16="",H16,IF(D16="Buy",MROUND(MAX(E16*(1-Settings!$K$8),M16*(1-Settings!$K$6)),Settings!$K$10),MROUND(MIN(E16*(1+Settings!$K$8),M16*(1+Settings!$K$6)),Settings!$K$10)))) | O16: =IF(D16="Buy","Enter First 15-Minute Low",IF(D16="Sell","Enter First 15-Minute High","")) | Q16: =IF(OR(D16="",P16=""),"",IF(D16="Buy",MROUND(P16*(1-Settings!$K$6),Settings!$K$10),MROUND(P16*(1+Settings!$K$6),Settings!$K$10))) | R16: =IF(D16="Buy","Enter First 15-Minute Low",IF(D16="Sell","Enter First 15-Minute High","")) | T16: =IF(OR(D16="",S16=""),"",IF(D16="Buy",MROUND(S16*(1-Settings!$K$6),Settings!$K$10),MROUND(S16*(1+Settings!$K$6),Settings!$K$10))) | V16: =IF(OR(D16="",E16="",U16="",$C$8="",$C$9=""),"",IF(U16="Target Hit",IF(F16="","",IF(D16="Buy",(F16-E16)*($C$8/2)*$C$9,(E16-F16)*($C$8/2)*$C$9)),IF(U16="Rollover",IF(Z16="","",IF(D16="Buy",(Z16-E16)*$C$8*$C$9,(E16-Z16)*$C$8*$C$9)),IF(U16="Stoploss 1 Hit",IF(K16="","",IF(D16="Buy",(K16-E16)*$C$8*$C$9,(E16-K16)*$C$8*$C$9)),IF(OR(AND(D16="Buy",U16="Gap Down Stoploss 1 Hit"),AND(D16="Sell",U16="Gap Up Stoploss 1 Hit")),IF(Q16="","",IF(D16="Buy",(Q16-E16)*$C$8*$C$9,(E16-Q16)*$C$8*$C$9)),""))))) | X16: =IF(OR(D16="",E16="",U16<>"Target Hit",W16="",$C$8="",$C$9=""),"",IF(W16="Stoploss 2 Hit",IF(N16="","",IF(D16="Buy",(N16-E16)*($C$8/2)*$C$9,(E16-N16)*($C$8/2)*$C$9)),IF(W16="Rollover",IF(Z16="","",IF(D16="Buy",(Z16-E16)*($C$8/2)*$C$9,(E16-Z16)*($C$8/2)*$C$9)),IF(OR(AND(D16="Buy",W16="Gap Down Stoploss 2 Hit"),AND(D16="Sell",W16="Gap Up Stoploss 2 Hit")),IF(T16="","",IF(D16="Buy",(T16-E16)*($C$8/2)*$C$9,(E16-T16)*($C$8/2)*$C$9)),"")))) | Y16: =IF(AND(V16="",X16=""),"",SUM(V16,X16))
A17: 4 | I17: =IF(D17="Buy","Enter New 2DLL",IF(D17="Sell","Enter New 2DHH","")) | K17: =IF(OR(D17="",E17=""),"",IF(J17="",G17,IF(D17="Buy",MROUND(MAX(E17*(1-Settings!$K$8),J17*(1-Settings!$K$6)),Settings!$K$10),MROUND(MIN(E17*(1+Settings!$K$8),J17*(1+Settings!$K$6)),Settings!$K$10)))) | L17: =IF(D17="Buy","Enter New 4DLL",IF(D17="Sell","Enter New 4DHH","")) | N17: =IF(OR(D17="",E17=""),"",IF(M17="",H17,IF(D17="Buy",MROUND(MAX(E17*(1-Settings!$K$8),M17*(1-Settings!$K$6)),Settings!$K$10),MROUND(MIN(E17*(1+Settings!$K$8),M17*(1+Settings!$K$6)),Settings!$K$10)))) | O17: =IF(D17="Buy","Enter First 15-Minute Low",IF(D17="Sell","Enter First 15-Minute High","")) | Q17: =IF(OR(D17="",P17=""),"",IF(D17="Buy",MROUND(P17*(1-Settings!$K$6),Settings!$K$10),MROUND(P17*(1+Settings!$K$6),Settings!$K$10))) | R17: =IF(D17="Buy","Enter First 15-Minute Low",IF(D17="Sell","Enter First 15-Minute High","")) | T17: =IF(OR(D17="",S17=""),"",IF(D17="Buy",MROUND(S17*(1-Settings!$K$6),Settings!$K$10),MROUND(S17*(1+Settings!$K$6),Settings!$K$10))) | V17: =IF(OR(D17="",E17="",U17="",$C$8="",$C$9=""),"",IF(U17="Target Hit",IF(F17="","",IF(D17="Buy",(F17-E17)*($C$8/2)*$C$9,(E17-F17)*($C$8/2)*$C$9)),IF(U17="Rollover",IF(Z17="","",IF(D17="Buy",(Z17-E17)*$C$8*$C$9,(E17-Z17)*$C$8*$C$9)),IF(U17="Stoploss 1 Hit",IF(K17="","",IF(D17="Buy",(K17-E17)*$C$8*$C$9,(E17-K17)*$C$8*$C$9)),IF(OR(AND(D17="Buy",U17="Gap Down Stoploss 1 Hit"),AND(D17="Sell",U17="Gap Up Stoploss 1 Hit")),IF(Q17="","",IF(D17="Buy",(Q17-E17)*$C$8*$C$9,(E17-Q17)*$C$8*$C$9)),""))))) | X17: =IF(OR(D17="",E17="",U17<>"Target Hit",W17="",$C$8="",$C$9=""),"",IF(W17="Stoploss 2 Hit",IF(N17="","",IF(D17="Buy",(N17-E17)*($C$8/2)*$C$9,(E17-N17)*($C$8/2)*$C$9)),IF(W17="Rollover",IF(Z17="","",IF(D17="Buy",(Z17-E17)*($C$8/2)*$C$9,(E17-Z17)*($C$8/2)*$C$9)),IF(OR(AND(D17="Buy",W17="Gap Down Stoploss 2 Hit"),AND(D17="Sell",W17="Gap Up Stoploss 2 Hit")),IF(T17="","",IF(D17="Buy",(T17-E17)*($C$8/2)*$C$9,(E17-T17)*($C$8/2)*$C$9)),"")))) | Y17: =IF(AND(V17="",X17=""),"",SUM(V17,X17))
A18: 5 | I18: =IF(D18="Buy","Enter New 2DLL",IF(D18="Sell","Enter New 2DHH","")) | K18: =IF(OR(D18="",E18=""),"",IF(J18="",G18,IF(D18="Buy",MROUND(MAX(E18*(1-Settings!$K$8),J18*(1-Settings!$K$6)),Settings!$K$10),MROUND(MIN(E18*(1+Settings!$K$8),J18*(1+Settings!$K$6)),Settings!$K$10)))) | L18: =IF(D18="Buy","Enter New 4DLL",IF(D18="Sell","Enter New 4DHH","")) | N18: =IF(OR(D18="",E18=""),"",IF(M18="",H18,IF(D18="Buy",MROUND(MAX(E18*(1-Settings!$K$8),M18*(1-Settings!$K$6)),Settings!$K$10),MROUND(MIN(E18*(1+Settings!$K$8),M18*(1+Settings!$K$6)),Settings!$K$10)))) | O18: =IF(D18="Buy","Enter First 15-Minute Low",IF(D18="Sell","Enter First 15-Minute High","")) | Q18: =IF(OR(D18="",P18=""),"",IF(D18="Buy",MROUND(P18*(1-Settings!$K$6),Settings!$K$10),MROUND(P18*(1+Settings!$K$6),Settings!$K$10))) | R18: =IF(D18="Buy","Enter First 15-Minute Low",IF(D18="Sell","Enter First 15-Minute High","")) | T18: =IF(OR(D18="",S18=""),"",IF(D18="Buy",MROUND(S18*(1-Settings!$K$6),Settings!$K$10),MROUND(S18*(1+Settings!$K$6),Settings!$K$10))) | V18: =IF(OR(D18="",E18="",U18="",$C$8="",$C$9=""),"",IF(U18="Target Hit",IF(F18="","",IF(D18="Buy",(F18-E18)*($C$8/2)*$C$9,(E18-F18)*($C$8/2)*$C$9)),IF(U18="Rollover",IF(Z18="","",IF(D18="Buy",(Z18-E18)*$C$8*$C$9,(E18-Z18)*$C$8*$C$9)),IF(U18="Stoploss 1 Hit",IF(K18="","",IF(D18="Buy",(K18-E18)*$C$8*$C$9,(E18-K18)*$C$8*$C$9)),IF(OR(AND(D18="Buy",U18="Gap Down Stoploss 1 Hit"),AND(D18="Sell",U18="Gap Up Stoploss 1 Hit")),IF(Q18="","",IF(D18="Buy",(Q18-E18)*$C$8*$C$9,(E18-Q18)*$C$8*$C$9)),""))))) | X18: =IF(OR(D18="",E18="",U18<>"Target Hit",W18="",$C$8="",$C$9=""),"",IF(W18="Stoploss 2 Hit",IF(N18="","",IF(D18="Buy",(N18-E18)*($C$8/2)*$C$9,(E18-N18)*($C$8/2)*$C$9)),IF(W18="Rollover",IF(Z18="","",IF(D18="Buy",(Z18-E18)*($C$8/2)*$C$9,(E18-Z18)*($C$8/2)*$C$9)),IF(OR(AND(D18="Buy",W18="Gap Down Stoploss 2 Hit"),AND(D18="Sell",W18="Gap Up Stoploss 2 Hit")),IF(T18="","",IF(D18="Buy",(T18-E18)*($C$8/2)*$C$9,(E18-T18)*($C$8/2)*$C$9)),"")))) | Y18: =IF(AND(V18="",X18=""),"",SUM(V18,X18))
A19: 6 | I19: =IF(D19="Buy","Enter New 2DLL",IF(D19="Sell","Enter New 2DHH","")) | K19: =IF(OR(D19="",E19=""),"",IF(J19="",G19,IF(D19="Buy",MROUND(MAX(E19*(1-Settings!$K$8),J19*(1-Settings!$K$6)),Settings!$K$10),MROUND(MIN(E19*(1+Settings!$K$8),J19*(1+Settings!$K$6)),Settings!$K$10)))) | L19: =IF(D19="Buy","Enter New 4DLL",IF(D19="Sell","Enter New 4DHH","")) | N19: =IF(OR(D19="",E19=""),"",IF(M19="",H19,IF(D19="Buy",MROUND(MAX(E19*(1-Settings!$K$8),M19*(1-Settings!$K$6)),Settings!$K$10),MROUND(MIN(E19*(1+Settings!$K$8),M19*(1+Settings!$K$6)),Settings!$K$10)))) | O19: =IF(D19="Buy","Enter First 15-Minute Low",IF(D19="Sell","Enter First 15-Minute High","")) | Q19: =IF(OR(D19="",P19=""),"",IF(D19="Buy",MROUND(P19*(1-Settings!$K$6),Settings!$K$10),MROUND(P19*(1+Settings!$K$6),Settings!$K$10))) | R19: =IF(D19="Buy","Enter First 15-Minute Low",IF(D19="Sell","Enter First 15-Minute High","")) | T19: =IF(OR(D19="",S19=""),"",IF(D19="Buy",MROUND(S19*(1-Settings!$K$6),Settings!$K$10),MROUND(S19*(1+Settings!$K$6),Settings!$K$10))) | V19: =IF(OR(D19="",E19="",U19="",$C$8="",$C$9=""),"",IF(U19="Target Hit",IF(F19="","",IF(D19="Buy",(F19-E19)*($C$8/2)*$C$9,(E19-F19)*($C$8/2)*$C$9)),IF(U19="Rollover",IF(Z19="","",IF(D19="Buy",(Z19-E19)*$C$8*$C$9,(E19-Z19)*$C$8*$C$9)),IF(U19="Stoploss 1 Hit",IF(K19="","",IF(D19="Buy",(K19-E19)*$C$8*$C$9,(E19-K19)*$C$8*$C$9)),IF(OR(AND(D19="Buy",U19="Gap Down Stoploss 1 Hit"),AND(D19="Sell",U19="Gap Up Stoploss 1 Hit")),IF(Q19="","",IF(D19="Buy",(Q19-E19)*$C$8*$C$9,(E19-Q19)*$C$8*$C$9)),""))))) | X19: =IF(OR(D19="",E19="",U19<>"Target Hit",W19="",$C$8="",$C$9=""),"",IF(W19="Stoploss 2 Hit",IF(N19="","",IF(D19="Buy",(N19-E19)*($C$8/2)*$C$9,(E19-N19)*($C$8/2)*$C$9)),IF(W19="Rollover",IF(Z19="","",IF(D19="Buy",(Z19-E19)*($C$8/2)*$C$9,(E19-Z19)*($C$8/2)*$C$9)),IF(OR(AND(D19="Buy",W19="Gap Down Stoploss 2 Hit"),AND(D19="Sell",W19="Gap Up Stoploss 2 Hit")),IF(T19="","",IF(D19="Buy",(T19-E19)*($C$8/2)*$C$9,(E19-T19)*($C$8/2)*$C$9)),"")))) | Y19: =IF(AND(V19="",X19=""),"",SUM(V19,X19))
A20: 7 | I20: =IF(D20="Buy","Enter New 2DLL",IF(D20="Sell","Enter New 2DHH","")) | K20: =IF(OR(D20="",E20=""),"",IF(J20="",G20,IF(D20="Buy",MROUND(MAX(E20*(1-Settings!$K$8),J20*(1-Settings!$K$6)),Settings!$K$10),MROUND(MIN(E20*(1+Settings!$K$8),J20*(1+Settings!$K$6)),Settings!$K$10)))) | L20: =IF(D20="Buy","Enter New 4DLL",IF(D20="Sell","Enter New 4DHH","")) | N20: =IF(OR(D20="",E20=""),"",IF(M20="",H20,IF(D20="Buy",MROUND(MAX(E20*(1-Settings!$K$8),M20*(1-Settings!$K$6)),Settings!$K$10),MROUND(MIN(E20*(1+Settings!$K$8),M20*(1+Settings!$K$6)),Settings!$K$10)))) | O20: =IF(D20="Buy","Enter First 15-Minute Low",IF(D20="Sell","Enter First 15-Minute High","")) | Q20: =IF(OR(D20="",P20=""),"",IF(D20="Buy",MROUND(P20*(1-Settings!$K$6),Settings!$K$10),MROUND(P20*(1+Settings!$K$6),Settings!$K$10))) | R20: =IF(D20="Buy","Enter First 15-Minute Low",IF(D20="Sell","Enter First 15-Minute High","")) | T20: =IF(OR(D20="",S20=""),"",IF(D20="Buy",MROUND(S20*(1-Settings!$K$6),Settings!$K$10),MROUND(S20*(1+Settings!$K$6),Settings!$K$10))) | V20: =IF(OR(D20="",E20="",U20="",$C$8="",$C$9=""),"",IF(U20="Target Hit",IF(F20="","",IF(D20="Buy",(F20-E20)*($C$8/2)*$C$9,(E20-F20)*($C$8/2)*$C$9)),IF(U20="Rollover",IF(Z20="","",IF(D20="Buy",(Z20-E20)*$C$8*$C$9,(E20-Z20)*$C$8*$C$9)),IF(U20="Stoploss 1 Hit",IF(K20="","",IF(D20="Buy",(K20-E20)*$C$8*$C$9,(E20-K20)*$C$8*$C$9)),IF(OR(AND(D20="Buy",U20="Gap Down Stoploss 1 Hit"),AND(D20="Sell",U20="Gap Up Stoploss 1 Hit")),IF(Q20="","",IF(D20="Buy",(Q20-E20)*$C$8*$C$9,(E20-Q20)*$C$8*$C$9)),""))))) | X20: =IF(OR(D20="",E20="",U20<>"Target Hit",W20="",$C$8="",$C$9=""),"",IF(W20="Stoploss 2 Hit",IF(N20="","",IF(D20="Buy",(N20-E20)*($C$8/2)*$C$9,(E20-N20)*($C$8/2)*$C$9)),IF(W20="Rollover",IF(Z20="","",IF(D20="Buy",(Z20-E20)*($C$8/2)*$C$9,(E20-Z20)*($C$8/2)*$C$9)),IF(OR(AND(D20="Buy",W20="Gap Down Stoploss 2 Hit"),AND(D20="Sell",W20="Gap Up Stoploss 2 Hit")),IF(T20="","",IF(D20="Buy",(T20-E20)*($C$8/2)*$C$9,(E20-T20)*($C$8/2)*$C$9)),"")))) | Y20: =IF(AND(V20="",X20=""),"",SUM(V20,X20))
A21: 8 | I21: =IF(D21="Buy","Enter New 2DLL",IF(D21="Sell","Enter New 2DHH","")) | K21: =IF(OR(D21="",E21=""),"",IF(J21="",G21,IF(D21="Buy",MROUND(MAX(E21*(1-Settings!$K$8),J21*(1-Settings!$K$6)),Settings!$K$10),MROUND(MIN(E21*(1+Settings!$K$8),J21*(1+Settings!$K$6)),Settings!$K$10)))) | L21: =IF(D21="Buy","Enter New 4DLL",IF(D21="Sell","Enter New 4DHH","")) | N21: =IF(OR(D21="",E21=""),"",IF(M21="",H21,IF(D21="Buy",MROUND(MAX(E21*(1-Settings!$K$8),M21*(1-Settings!$K$6)),Settings!$K$10),MROUND(MIN(E21*(1+Settings!$K$8),M21*(1+Settings!$K$6)),Settings!$K$10)))) | O21: =IF(D21="Buy","Enter First 15-Minute Low",IF(D21="Sell","Enter First 15-Minute High","")) | Q21: =IF(OR(D21="",P21=""),"",IF(D21="Buy",MROUND(P21*(1-Settings!$K$6),Settings!$K$10),MROUND(P21*(1+Settings!$K$6),Settings!$K$10))) | R21: =IF(D21="Buy","Enter First 15-Minute Low",IF(D21="Sell","Enter First 15-Minute High","")) | T21: =IF(OR(D21="",S21=""),"",IF(D21="Buy",MROUND(S21*(1-Settings!$K$6),Settings!$K$10),MROUND(S21*(1+Settings!$K$6),Settings!$K$10))) | V21: =IF(OR(D21="",E21="",U21="",$C$8="",$C$9=""),"",IF(U21="Target Hit",IF(F21="","",IF(D21="Buy",(F21-E21)*($C$8/2)*$C$9,(E21-F21)*($C$8/2)*$C$9)),IF(U21="Rollover",IF(Z21="","",IF(D21="Buy",(Z21-E21)*$C$8*$C$9,(E21-Z21)*$C$8*$C$9)),IF(U21="Stoploss 1 Hit",IF(K21="","",IF(D21="Buy",(K21-E21)*$C$8*$C$9,(E21-K21)*$C$8*$C$9)),IF(OR(AND(D21="Buy",U21="Gap Down Stoploss 1 Hit"),AND(D21="Sell",U21="Gap Up Stoploss 1 Hit")),IF(Q21="","",IF(D21="Buy",(Q21-E21)*$C$8*$C$9,(E21-Q21)*$C$8*$C$9)),""))))) | X21: =IF(OR(D21="",E21="",U21<>"Target Hit",W21="",$C$8="",$C$9=""),"",IF(W21="Stoploss 2 Hit",IF(N21="","",IF(D21="Buy",(N21-E21)*($C$8/2)*$C$9,(E21-N21)*($C$8/2)*$C$9)),IF(W21="Rollover",IF(Z21="","",IF(D21="Buy",(Z21-E21)*($C$8/2)*$C$9,(E21-Z21)*($C$8/2)*$C$9)),IF(OR(AND(D21="Buy",W21="Gap Down Stoploss 2 Hit"),AND(D21="Sell",W21="Gap Up Stoploss 2 Hit")),IF(T21="","",IF(D21="Buy",(T21-E21)*($C$8/2)*$C$9,(E21-T21)*($C$8/2)*$C$9)),"")))) | Y21: =IF(AND(V21="",X21=""),"",SUM(V21,X21))
A22: 9 | I22: =IF(D22="Buy","Enter New 2DLL",IF(D22="Sell","Enter New 2DHH","")) | K22: =IF(OR(D22="",E22=""),"",IF(J22="",G22,IF(D22="Buy",MROUND(MAX(E22*(1-Settings!$K$8),J22*(1-Settings!$K$6)),Settings!$K$10),MROUND(MIN(E22*(1+Settings!$K$8),J22*(1+Settings!$K$6)),Settings!$K$10)))) | L22: =IF(D22="Buy","Enter New 4DLL",IF(D22="Sell","Enter New 4DHH","")) | N22: =IF(OR(D22="",E22=""),"",IF(M22="",H22,IF(D22="Buy",MROUND(MAX(E22*(1-Settings!$K$8),M22*(1-Settings!$K$6)),Settings!$K$10),MROUND(MIN(E22*(1+Settings!$K$8),M22*(1+Settings!$K$6)),Settings!$K$10)))) | O22: =IF(D22="Buy","Enter First 15-Minute Low",IF(D22="Sell","Enter First 15-Minute High","")) | Q22: =IF(OR(D22="",P22=""),"",IF(D22="Buy",MROUND(P22*(1-Settings!$K$6),Settings!$K$10),MROUND(P22*(1+Settings!$K$6),Settings!$K$10))) | R22: =IF(D22="Buy","Enter First 15-Minute Low",IF(D22="Sell","Enter First 15-Minute High","")) | T22: =IF(OR(D22="",S22=""),"",IF(D22="Buy",MROUND(S22*(1-Settings!$K$6),Settings!$K$10),MROUND(S22*(1+Settings!$K$6),Settings!$K$10))) | V22: =IF(OR(D22="",E22="",U22="",$C$8="",$C$9=""),"",IF(U22="Target Hit",IF(F22="","",IF(D22="Buy",(F22-E22)*($C$8/2)*$C$9,(E22-F22)*($C$8/2)*$C$9)),IF(U22="Rollover",IF(Z22="","",IF(D22="Buy",(Z22-E22)*$C$8*$C$9,(E22-Z22)*$C$8*$C$9)),IF(U22="Stoploss 1 Hit",IF(K22="","",IF(D22="Buy",(K22-E22)*$C$8*$C$9,(E22-K22)*$C$8*$C$9)),IF(OR(AND(D22="Buy",U22="Gap Down Stoploss 1 Hit"),AND(D22="Sell",U22="Gap Up Stoploss 1 Hit")),IF(Q22="","",IF(D22="Buy",(Q22-E22)*$C$8*$C$9,(E22-Q22)*$C$8*$C$9)),""))))) | X22: =IF(OR(D22="",E22="",U22<>"Target Hit",W22="",$C$8="",$C$9=""),"",IF(W22="Stoploss 2 Hit",IF(N22="","",IF(D22="Buy",(N22-E22)*($C$8/2)*$C$9,(E22-N22)*($C$8/2)*$C$9)),IF(W22="Rollover",IF(Z22="","",IF(D22="Buy",(Z22-E22)*($C$8/2)*$C$9,(E22-Z22)*($C$8/2)*$C$9)),IF(OR(AND(D22="Buy",W22="Gap Down Stoploss 2 Hit"),AND(D22="Sell",W22="Gap Up Stoploss 2 Hit")),IF(T22="","",IF(D22="Buy",(T22-E22)*($C$8/2)*$C$9,(E22-T22)*($C$8/2)*$C$9)),"")))) | Y22: =IF(AND(V22="",X22=""),"",SUM(V22,X22))
A23: 10 | I23: =IF(D23="Buy","Enter New 2DLL",IF(D23="Sell","Enter New 2DHH","")) | K23: =IF(OR(D23="",E23=""),"",IF(J23="",G23,IF(D23="Buy",MROUND(MAX(E23*(1-Settings!$K$8),J23*(1-Settings!$K$6)),Settings!$K$10),MROUND(MIN(E23*(1+Settings!$K$8),J23*(1+Settings!$K$6)),Settings!$K$10)))) | L23: =IF(D23="Buy","Enter New 4DLL",IF(D23="Sell","Enter New 4DHH","")) | N23: =IF(OR(D23="",E23=""),"",IF(M23="",H23,IF(D23="Buy",MROUND(MAX(E23*(1-Settings!$K$8),M23*(1-Settings!$K$6)),Settings!$K$10),MROUND(MIN(E23*(1+Settings!$K$8),M23*(1+Settings!$K$6)),Settings!$K$10)))) | O23: =IF(D23="Buy","Enter First 15-Minute Low",IF(D23="Sell","Enter First 15-Minute High","")) | Q23: =IF(OR(D23="",P23=""),"",IF(D23="Buy",MROUND(P23*(1-Settings!$K$6),Settings!$K$10),MROUND(P23*(1+Settings!$K$6),Settings!$K$10))) | R23: =IF(D23="Buy","Enter First 15-Minute Low",IF(D23="Sell","Enter First 15-Minute High","")) | T23: =IF(OR(D23="",S23=""),"",IF(D23="Buy",MROUND(S23*(1-Settings!$K$6),Settings!$K$10),MROUND(S23*(1+Settings!$K$6),Settings!$K$10))) | V23: =IF(OR(D23="",E23="",U23="",$C$8="",$C$9=""),"",IF(U23="Target Hit",IF(F23="","",IF(D23="Buy",(F23-E23)*($C$8/2)*$C$9,(E23-F23)*($C$8/2)*$C$9)),IF(U23="Rollover",IF(Z23="","",IF(D23="Buy",(Z23-E23)*$C$8*$C$9,(E23-Z23)*$C$8*$C$9)),IF(U23="Stoploss 1 Hit",IF(K23="","",IF(D23="Buy",(K23-E23)*$C$8*$C$9,(E23-K23)*$C$8*$C$9)),IF(OR(AND(D23="Buy",U23="Gap Down Stoploss 1 Hit"),AND(D23="Sell",U23="Gap Up Stoploss 1 Hit")),IF(Q23="","",IF(D23="Buy",(Q23-E23)*$C$8*$C$9,(E23-Q23)*$C$8*$C$9)),""))))) | X23: =IF(OR(D23="",E23="",U23<>"Target Hit",W23="",$C$8="",$C$9=""),"",IF(W23="Stoploss 2 Hit",IF(N23="","",IF(D23="Buy",(N23-E23)*($C$8/2)*$C$9,(E23-N23)*($C$8/2)*$C$9)),IF(W23="Rollover",IF(Z23="","",IF(D23="Buy",(Z23-E23)*($C$8/2)*$C$9,(E23-Z23)*($C$8/2)*$C$9)),IF(OR(AND(D23="Buy",W23="Gap Down Stoploss 2 Hit"),AND(D23="Sell",W23="Gap Up Stoploss 2 Hit")),IF(T23="","",IF(D23="Buy",(T23-E23)*($C$8/2)*$C$9,(E23-T23)*($C$8/2)*$C$9)),"")))) | Y23: =IF(AND(V23="",X23=""),"",SUM(V23,X23))
A24: 11 | I24: =IF(D24="Buy","Enter New 2DLL",IF(D24="Sell","Enter New 2DHH","")) | K24: =IF(OR(D24="",E24=""),"",IF(J24="",G24,IF(D24="Buy",MROUND(MAX(E24*(1-Settings!$K$8),J24*(1-Settings!$K$6)),Settings!$K$10),MROUND(MIN(E24*(1+Settings!$K$8),J24*(1+Settings!$K$6)),Settings!$K$10)))) | L24: =IF(D24="Buy","Enter New 4DLL",IF(D24="Sell","Enter New 4DHH","")) | N24: =IF(OR(D24="",E24=""),"",IF(M24="",H24,IF(D24="Buy",MROUND(MAX(E24*(1-Settings!$K$8),M24*(1-Settings!$K$6)),Settings!$K$10),MROUND(MIN(E24*(1+Settings!$K$8),M24*(1+Settings!$K$6)),Settings!$K$10)))) | O24: =IF(D24="Buy","Enter First 15-Minute Low",IF(D24="Sell","Enter First 15-Minute High","")) | Q24: =IF(OR(D24="",P24=""),"",IF(D24="Buy",MROUND(P24*(1-Settings!$K$6),Settings!$K$10),MROUND(P24*(1+Settings!$K$6),Settings!$K$10))) | R24: =IF(D24="Buy","Enter First 15-Minute Low",IF(D24="Sell","Enter First 15-Minute High","")) | T24: =IF(OR(D24="",S24=""),"",IF(D24="Buy",MROUND(S24*(1-Settings!$K$6),Settings!$K$10),MROUND(S24*(1+Settings!$K$6),Settings!$K$10))) | V24: =IF(OR(D24="",E24="",U24="",$C$8="",$C$9=""),"",IF(U24="Target Hit",IF(F24="","",IF(D24="Buy",(F24-E24)*($C$8/2)*$C$9,(E24-F24)*($C$8/2)*$C$9)),IF(U24="Rollover",IF(Z24="","",IF(D24="Buy",(Z24-E24)*$C$8*$C$9,(E24-Z24)*$C$8*$C$9)),IF(U24="Stoploss 1 Hit",IF(K24="","",IF(D24="Buy",(K24-E24)*$C$8*$C$9,(E24-K24)*$C$8*$C$9)),IF(OR(AND(D24="Buy",U24="Gap Down Stoploss 1 Hit"),AND(D24="Sell",U24="Gap Up Stoploss 1 Hit")),IF(Q24="","",IF(D24="Buy",(Q24-E24)*$C$8*$C$9,(E24-Q24)*$C$8*$C$9)),""))))) | X24: =IF(OR(D24="",E24="",U24<>"Target Hit",W24="",$C$8="",$C$9=""),"",IF(W24="Stoploss 2 Hit",IF(N24="","",IF(D24="Buy",(N24-E24)*($C$8/2)*$C$9,(E24-N24)*($C$8/2)*$C$9)),IF(W24="Rollover",IF(Z24="","",IF(D24="Buy",(Z24-E24)*($C$8/2)*$C$9,(E24-Z24)*($C$8/2)*$C$9)),IF(OR(AND(D24="Buy",W24="Gap Down Stoploss 2 Hit"),AND(D24="Sell",W24="Gap Up Stoploss 2 Hit")),IF(T24="","",IF(D24="Buy",(T24-E24)*($C$8/2)*$C$9,(E24-T24)*($C$8/2)*$C$9)),"")))) | Y24: =IF(AND(V24="",X24=""),"",SUM(V24,X24))
A25: 12 | I25: =IF(D25="Buy","Enter New 2DLL",IF(D25="Sell","Enter New 2DHH","")) | K25: =IF(OR(D25="",E25=""),"",IF(J25="",G25,IF(D25="Buy",MROUND(MAX(E25*(1-Settings!$K$8),J25*(1-Settings!$K$6)),Settings!$K$10),MROUND(MIN(E25*(1+Settings!$K$8),J25*(1+Settings!$K$6)),Settings!$K$10)))) | L25: =IF(D25="Buy","Enter New 4DLL",IF(D25="Sell","Enter New 4DHH","")) | N25: =IF(OR(D25="",E25=""),"",IF(M25="",H25,IF(D25="Buy",MROUND(MAX(E25*(1-Settings!$K$8),M25*(1-Settings!$K$6)),Settings!$K$10),MROUND(MIN(E25*(1+Settings!$K$8),M25*(1+Settings!$K$6)),Settings!$K$10)))) | O25: =IF(D25="Buy","Enter First 15-Minute Low",IF(D25="Sell","Enter First 15-Minute High","")) | Q25: =IF(OR(D25="",P25=""),"",IF(D25="Buy",MROUND(P25*(1-Settings!$K$6),Settings!$K$10),MROUND(P25*(1+Settings!$K$6),Settings!$K$10))) | R25: =IF(D25="Buy","Enter First 15-Minute Low",IF(D25="Sell","Enter First 15-Minute High","")) | T25: =IF(OR(D25="",S25=""),"",IF(D25="Buy",MROUND(S25*(1-Settings!$K$6),Settings!$K$10),MROUND(S25*(1+Settings!$K$6),Settings!$K$10))) | V25: =IF(OR(D25="",E25="",U25="",$C$8="",$C$9=""),"",IF(U25="Target Hit",IF(F25="","",IF(D25="Buy",(F25-E25)*($C$8/2)*$C$9,(E25-F25)*($C$8/2)*$C$9)),IF(U25="Rollover",IF(Z25="","",IF(D25="Buy",(Z25-E25)*$C$8*$C$9,(E25-Z25)*$C$8*$C$9)),IF(U25="Stoploss 1 Hit",IF(K25="","",IF(D25="Buy",(K25-E25)*$C$8*$C$9,(E25-K25)*$C$8*$C$9)),IF(OR(AND(D25="Buy",U25="Gap Down Stoploss 1 Hit"),AND(D25="Sell",U25="Gap Up Stoploss 1 Hit")),IF(Q25="","",IF(D25="Buy",(Q25-E25)*$C$8*$C$9,(E25-Q25)*$C$8*$C$9)),""))))) | X25: =IF(OR(D25="",E25="",U25<>"Target Hit",W25="",$C$8="",$C$9=""),"",IF(W25="Stoploss 2 Hit",IF(N25="","",IF(D25="Buy",(N25-E25)*($C$8/2)*$C$9,(E25-N25)*($C$8/2)*$C$9)),IF(W25="Rollover",IF(Z25="","",IF(D25="Buy",(Z25-E25)*($C$8/2)*$C$9,(E25-Z25)*($C$8/2)*$C$9)),IF(OR(AND(D25="Buy",W25="Gap Down Stoploss 2 Hit"),AND(D25="Sell",W25="Gap Up Stoploss 2 Hit")),IF(T25="","",IF(D25="Buy",(T25-E25)*($C$8/2)*$C$9,(E25-T25)*($C$8/2)*$C$9)),"")))) | Y25: =IF(AND(V25="",X25=""),"",SUM(V25,X25))
A26: 13 | I26: =IF(D26="Buy","Enter New 2DLL",IF(D26="Sell","Enter New 2DHH","")) | K26: =IF(OR(D26="",E26=""),"",IF(J26="",G26,IF(D26="Buy",MROUND(MAX(E26*(1-Settings!$K$8),J26*(1-Settings!$K$6)),Settings!$K$10),MROUND(MIN(E26*(1+Settings!$K$8),J26*(1+Settings!$K$6)),Settings!$K$10)))) | L26: =IF(D26="Buy","Enter New 4DLL",IF(D26="Sell","Enter New 4DHH","")) | N26: =IF(OR(D26="",E26=""),"",IF(M26="",H26,IF(D26="Buy",MROUND(MAX(E26*(1-Settings!$K$8),M26*(1-Settings!$K$6)),Settings!$K$10),MROUND(MIN(E26*(1+Settings!$K$8),M26*(1+Settings!$K$6)),Settings!$K$10)))) | O26: =IF(D26="Buy","Enter First 15-Minute Low",IF(D26="Sell","Enter First 15-Minute High","")) | Q26: =IF(OR(D26="",P26=""),"",IF(D26="Buy",MROUND(P26*(1-Settings!$K$6),Settings!$K$10),MROUND(P26*(1+Settings!$K$6),Settings!$K$10))) | R26: =IF(D26="Buy","Enter First 15-Minute Low",IF(D26="Sell","Enter First 15-Minute High","")) | T26: =IF(OR(D26="",S26=""),"",IF(D26="Buy",MROUND(S26*(1-Settings!$K$6),Settings!$K$10),MROUND(S26*(1+Settings!$K$6),Settings!$K$10))) | V26: =IF(OR(D26="",E26="",U26="",$C$8="",$C$9=""),"",IF(U26="Target Hit",IF(F26="","",IF(D26="Buy",(F26-E26)*($C$8/2)*$C$9,(E26-F26)*($C$8/2)*$C$9)),IF(U26="Rollover",IF(Z26="","",IF(D26="Buy",(Z26-E26)*$C$8*$C$9,(E26-Z26)*$C$8*$C$9)),IF(U26="Stoploss 1 Hit",IF(K26="","",IF(D26="Buy",(K26-E26)*$C$8*$C$9,(E26-K26)*$C$8*$C$9)),IF(OR(AND(D26="Buy",U26="Gap Down Stoploss 1 Hit"),AND(D26="Sell",U26="Gap Up Stoploss 1 Hit")),IF(Q26="","",IF(D26="Buy",(Q26-E26)*$C$8*$C$9,(E26-Q26)*$C$8*$C$9)),""))))) | X26: =IF(OR(D26="",E26="",U26<>"Target Hit",W26="",$C$8="",$C$9=""),"",IF(W26="Stoploss 2 Hit",IF(N26="","",IF(D26="Buy",(N26-E26)*($C$8/2)*$C$9,(E26-N26)*($C$8/2)*$C$9)),IF(W26="Rollover",IF(Z26="","",IF(D26="Buy",(Z26-E26)*($C$8/2)*$C$9,(E26-Z26)*($C$8/2)*$C$9)),IF(OR(AND(D26="Buy",W26="Gap Down Stoploss 2 Hit"),AND(D26="Sell",W26="Gap Up Stoploss 2 Hit")),IF(T26="","",IF(D26="Buy",(T26-E26)*($C$8/2)*$C$9,(E26-T26)*($C$8/2)*$C$9)),"")))) | Y26: =IF(AND(V26="",X26=""),"",SUM(V26,X26))
A27: 14 | I27: =IF(D27="Buy","Enter New 2DLL",IF(D27="Sell","Enter New 2DHH","")) | K27: =IF(OR(D27="",E27=""),"",IF(J27="",G27,IF(D27="Buy",MROUND(MAX(E27*(1-Settings!$K$8),J27*(1-Settings!$K$6)),Settings!$K$10),MROUND(MIN(E27*(1+Settings!$K$8),J27*(1+Settings!$K$6)),Settings!$K$10)))) | L27: =IF(D27="Buy","Enter New 4DLL",IF(D27="Sell","Enter New 4DHH","")) | N27: =IF(OR(D27="",E27=""),"",IF(M27="",H27,IF(D27="Buy",MROUND(MAX(E27*(1-Settings!$K$8),M27*(1-Settings!$K$6)),Settings!$K$10),MROUND(MIN(E27*(1+Settings!$K$8),M27*(1+Settings!$K$6)),Settings!$K$10)))) | O27: =IF(D27="Buy","Enter First 15-Minute Low",IF(D27="Sell","Enter First 15-Minute High","")) | Q27: =IF(OR(D27="",P27=""),"",IF(D27="Buy",MROUND(P27*(1-Settings!$K$6),Settings!$K$10),MROUND(P27*(1+Settings!$K$6),Settings!$K$10))) | R27: =IF(D27="Buy","Enter First 15-Minute Low",IF(D27="Sell","Enter First 15-Minute High","")) | T27: =IF(OR(D27="",S27=""),"",IF(D27="Buy",MROUND(S27*(1-Settings!$K$6),Settings!$K$10),MROUND(S27*(1+Settings!$K$6),Settings!$K$10))) | V27: =IF(OR(D27="",E27="",U27="",$C$8="",$C$9=""),"",IF(U27="Target Hit",IF(F27="","",IF(D27="Buy",(F27-E27)*($C$8/2)*$C$9,(E27-F27)*($C$8/2)*$C$9)),IF(U27="Rollover",IF(Z27="","",IF(D27="Buy",(Z27-E27)*$C$8*$C$9,(E27-Z27)*$C$8*$C$9)),IF(U27="Stoploss 1 Hit",IF(K27="","",IF(D27="Buy",(K27-E27)*$C$8*$C$9,(E27-K27)*$C$8*$C$9)),IF(OR(AND(D27="Buy",U27="Gap Down Stoploss 1 Hit"),AND(D27="Sell",U27="Gap Up Stoploss 1 Hit")),IF(Q27="","",IF(D27="Buy",(Q27-E27)*$C$8*$C$9,(E27-Q27)*$C$8*$C$9)),""))))) | X27: =IF(OR(D27="",E27="",U27<>"Target Hit",W27="",$C$8="",$C$9=""),"",IF(W27="Stoploss 2 Hit",IF(N27="","",IF(D27="Buy",(N27-E27)*($C$8/2)*$C$9,(E27-N27)*($C$8/2)*$C$9)),IF(W27="Rollover",IF(Z27="","",IF(D27="Buy",(Z27-E27)*($C$8/2)*$C$9,(E27-Z27)*($C$8/2)*$C$9)),IF(OR(AND(D27="Buy",W27="Gap Down Stoploss 2 Hit"),AND(D27="Sell",W27="Gap Up Stoploss 2 Hit")),IF(T27="","",IF(D27="Buy",(T27-E27)*($C$8/2)*$C$9,(E27-T27)*($C$8/2)*$C$9)),"")))) | Y27: =IF(AND(V27="",X27=""),"",SUM(V27,X27))
... A213: 200 | I213: =IF(D213="Buy","Enter New 2DLL",IF(D213="Sell","Enter New 2DHH","")) | K213: =IF(OR(D213="",E213=""),"",IF(J213="",G213,IF(D213="Buy",MROUND(MAX(E213*(1-Settings!$K$8),J213*(1-Settings!$K$6)),Settings!$K$10),MROUND(MIN(E213*(1+Settings!$K$8),J213*(1+Settings!$K$6)),Settings!$K$10)))) | L213: =IF(D213="Buy","Enter New 4DLL",IF(D213="Sell","Enter New 4DHH","")) | N213: =IF(OR(D213="",E213=""),"",IF(M213="",H213,IF(D213="Buy",MROUND(MAX(E213*(1-Settings!$K$8),M213*(1-Settings!$K$6)),Settings!$K$10),MROUND(MIN(E213*(1+Settings!$K$8),M213*(1+Settings!$K$6)),Settings!$K$10)))) | O213: =IF(D213="Buy","Enter First 15-Minute Low",IF(D213="Sell","Enter First 15-Minute High","")) | Q213: =IF(OR(D213="",P213=""),"",IF(D213="Buy",MROUND(P213*(1-Settings!$K$6),Settings!$K$10),MROUND(P213*(1+Settings!$K$6),Settings!$K$10))) | R213: =IF(D213="Buy","Enter First 15-Minute Low",IF(D213="Sell","Enter First 15-Minute High","")) | T213: =IF(OR(D213="",S213=""),"",IF(D213="Buy",MROUND(S213*(1-Settings!$K$6),Settings!$K$10),MROUND(S213*(1+Settings!$K$6),Settings!$K$10))) | V213: =IF(OR(D213="",E213="",U213="",$C$8="",$C$9=""),"",IF(U213="Target Hit",IF(F213="","",IF(D213="Buy",(F213-E213)*($C$8/2)*$C$9,(E213-F213)*($C$8/2)*$C$9)),IF(U213="Rollover",IF(Z213="","",IF(D213="Buy",(Z213-E213)*$C$8*$C$9,(E213-Z213)*$C$8*$C$9)),IF(U213="Stoploss 1 Hit",IF(K213="","",IF(D213="Buy",(K213-E213)*$C$8*$C$9,(E213-K213)*$C$8*$C$9)),IF(OR(AND(D213="Buy",U213="Gap Down Stoploss 1 Hit"),AND(D213="Sell",U213="Gap Up Stoploss 1 Hit")),IF(Q213="","",IF(D213="Buy",(Q213-E213)*$C$8*$C$9,(E213-Q213)*$C$8*$C$9)),""))))) | X213: =IF(OR(D213="",E213="",U213<>"Target Hit",W213="",$C$8="",$C$9=""),"",IF(W213="Stoploss 2 Hit",IF(N213="","",IF(D213="Buy",(N213-E213)*($C$8/2)*$C$9,(E213-N213)*($C$8/2)*$C$9)),IF(W213="Rollover",IF(Z213="","",IF(D213="Buy",(Z213-E213)*($C$8/2)*$C$9,(E213-Z213)*($C$8/2)*$C$9)),IF(OR(AND(D213="Buy",W213="Gap Down Stoploss 2 Hit"),AND(D213="Sell",W213="Gap Up Stoploss 2 Hit")),IF(T213="","",IF(D213="Buy",(T213-E213)*($C$8/2)*$C$9,(E213-T213)*($C$8/2)*$C$9)),"")))) | Y213: =IF(AND(V213="",X213=""),"",SUM(V213,X213))
A216: TRADING SECRETS ACADEMY PVT LTD | Quality, Trust, Consistency & Ethics | B216: TRADING SECRETS ACADEMY PVT LTD | Quality, Trust, Consistency & Ethics | C216: TRADING SECRETS ACADEMY PVT LTD | Quality, Trust, Consistency & Ethics | D216: TRADING SECRETS ACADEMY PVT LTD | Quality, Trust, Consistency & Ethics | E216: TRADING SECRETS ACADEMY PVT LTD | Quality, Trust, Consistency & Ethics | F216: TRADING SECRETS ACADEMY PVT LTD | Quality, Trust, Consistency & Ethics | G216: TRADING SECRETS ACADEMY PVT LTD | Quality, Trust, Consistency & Ethics | H216: TRADING SECRETS ACADEMY PVT LTD | Quality, Trust, Consistency & Ethics | I216: TRADING SECRETS ACADEMY PVT LTD | Quality, Trust, Consistency & Ethics | J216: TRADING SECRETS ACADEMY PVT LTD | Quality, Trust, Consistency & Ethics | K216: TRADING SECRETS ACADEMY PVT LTD | Quality, Trust, Consistency & Ethics | L216: TRADING SECRETS ACADEMY PVT LTD | Quality, Trust, Consistency & Ethics | M216: TRADING SECRETS ACADEMY PVT LTD | Quality, Trust, Consistency & Ethics | N216: TRADING SECRETS ACADEMY PVT LTD | Quality, Trust, Consistency & Ethics | O216: TRADING SECRETS ACADEMY PVT LTD | Quality, Trust, Consistency & Ethics | P216: TRADING SECRETS ACADEMY PVT LTD | Quality, Trust, Consistency & Ethics | Q216: TRADING SECRETS ACADEMY PVT LTD | Quality, Trust, Consistency & Ethics | R216: TRADING SECRETS ACADEMY PVT LTD | Quality, Trust, Consistency & Ethics | S216: TRADING SECRETS ACADEMY PVT LTD | Quality, Trust, Consistency & Ethics | T216: TRADING SECRETS ACADEMY PVT LTD | Quality, Trust, Consistency & Ethics | U216: TRADING SECRETS ACADEMY PVT LTD | Quality, Trust, Consistency & Ethics | V216: TRADING SECRETS ACADEMY PVT LTD | Quality, Trust, Consistency & Ethics | W216: TRADING SECRETS ACADEMY PVT LTD | Quality, Trust, Consistency & Ethics | X216: TRADING SECRETS ACADEMY PVT LTD | Quality, Trust, Consistency & Ethics | Y216: TRADING SECRETS ACADEMY PVT LTD | Quality, Trust, Consistency & Ethics
A217: Office Support: Mrs. Sathyavani +91 90425 87730 | Mrs. Suganya +91 80569 25382 | B217: Office Support: Mrs. Sathyavani +91 90425 87730 | Mrs. Suganya +91 80569 25382 | C217: Office Support: Mrs. Sathyavani +91 90425 87730 | Mrs. Suganya +91 80569 25382 | D217: Office Support: Mrs. Sathyavani +91 90425 87730 | Mrs. Suganya +91 80569 25382 | E217: Office Support: Mrs. Sathyavani +91 90425 87730 | Mrs. Suganya +91 80569 25382 | F217: Office Support: Mrs. Sathyavani +91 90425 87730 | Mrs. Suganya +91 80569 25382 | G217: Office Support: Mrs. Sathyavani +91 90425 87730 | Mrs. Suganya +91 80569 25382 | H217: Office Support: Mrs. Sathyavani +91 90425 87730 | Mrs. Suganya +91 80569 25382 | I217: Office Support: Mrs. Sathyavani +91 90425 87730 | Mrs. Suganya +91 80569 25382 | J217: Office Support: Mrs. Sathyavani +91 90425 87730 | Mrs. Suganya +91 80569 25382 | K217: Office Support: Mrs. Sathyavani +91 90425 87730 | Mrs. Suganya +91 80569 25382 | L217: Office Support: Mrs. Sathyavani +91 90425 87730 | Mrs. Suganya +91 80569 25382 | M217: Office Support: Mrs. Sathyavani +91 90425 87730 | Mrs. Suganya +91 80569 25382 | N217: Office Support: Mrs. Sathyavani +91 90425 87730 | Mrs. Suganya +91 80569 25382 | O217: Office Support: Mrs. Sathyavani +91 90425 87730 | Mrs. Suganya +91 80569 25382 | P217: Office Support: Mrs. Sathyavani +91 90425 87730 | Mrs. Suganya +91 80569 25382 | Q217: Office Support: Mrs. Sathyavani +91 90425 87730 | Mrs. Suganya +91 80569 25382 | R217: Office Support: Mrs. Sathyavani +91 90425 87730 | Mrs. Suganya +91 80569 25382 | S217: Office Support: Mrs. Sathyavani +91 90425 87730 | Mrs. Suganya +91 80569 25382 | T217: Office Support: Mrs. Sathyavani +91 90425 87730 | Mrs. Suganya +91 80569 25382 | U217: Office Support: Mrs. Sathyavani +91 90425 87730 | Mrs. Suganya +91 80569 25382 | V217: Office Support: Mrs. Sathyavani +91 90425 87730 | Mrs. Suganya +91 80569 25382 | W217: Office Support: Mrs. Sathyavani +91 90425 87730 | Mrs. Suganya +91 80569 25382 | X217: Office Support: Mrs. Sathyavani +91 90425 87730 | Mrs. Suganya +91 80569 25382 | Y217: Office Support: Mrs. Sathyavani +91 90425 87730 | Mrs. Suganya +91 80569 25382
A218: Calculations & Live Market Support: Mr. Vanaraja +91 7200575175 | Mr. Gokul +91 7200575154 | B218: Calculations & Live Market Support: Mr. Vanaraja +91 7200575175 | Mr. Gokul +91 7200575154 | C218: Calculations & Live Market Support: Mr. Vanaraja +91 7200575175 | Mr. Gokul +91 7200575154 | D218: Calculations & Live Market Support: Mr. Vanaraja +91 7200575175 | Mr. Gokul +91 7200575154 | E218: Calculations & Live Market Support: Mr. Vanaraja +91 7200575175 | Mr. Gokul +91 7200575154 | F218: Calculations & Live Market Support: Mr. Vanaraja +91 7200575175 | Mr. Gokul +91 7200575154 | G218: Calculations & Live Market Support: Mr. Vanaraja +91 7200575175 | Mr. Gokul +91 7200575154 | H218: Calculations & Live Market Support: Mr. Vanaraja +91 7200575175 | Mr. Gokul +91 7200575154 | I218: Calculations & Live Market Support: Mr. Vanaraja +91 7200575175 | Mr. Gokul +91 7200575154 | J218: Calculations & Live Market Support: Mr. Vanaraja +91 7200575175 | Mr. Gokul +91 7200575154 | K218: Calculations & Live Market Support: Mr. Vanaraja +91 7200575175 | Mr. Gokul +91 7200575154 | L218: Calculations & Live Market Support: Mr. Vanaraja +91 7200575175 | Mr. Gokul +91 7200575154 | M218: Calculations & Live Market Support: Mr. Vanaraja +91 7200575175 | Mr. Gokul +91 7200575154 | N218: Calculations & Live Market Support: Mr. Vanaraja +91 7200575175 | Mr. Gokul +91 7200575154 | O218: Calculations & Live Market Support: Mr. Vanaraja +91 7200575175 | Mr. Gokul +91 7200575154 | P218: Calculations & Live Market Support: Mr. Vanaraja +91 7200575175 | Mr. Gokul +91 7200575154 | Q218: Calculations & Live Market Support: Mr. Vanaraja +91 7200575175 | Mr. Gokul +91 7200575154 | R218: Calculations & Live Market Support: Mr. Vanaraja +91 7200575175 | Mr. Gokul +91 7200575154 | S218: Calculations & Live Market Support: Mr. Vanaraja +91 7200575175 | Mr. Gokul +91 7200575154 | T218: Calculations & Live Market Support: Mr. Vanaraja +91 7200575175 | Mr. Gokul +91 7200575154 | U218: Calculations & Live Market Support: Mr. Vanaraja +91 7200575175 | Mr. Gokul +91 7200575154 | V218: Calculations & Live Market Support: Mr. Vanaraja +91 7200575175 | Mr. Gokul +91 7200575154 | W218: Calculations & Live Market Support: Mr. Vanaraja +91 7200575175 | Mr. Gokul +91 7200575154 | X218: Calculations & Live Market Support: Mr. Vanaraja +91 7200575175 | Mr. Gokul +91 7200575154 | Y218: Calculations & Live Market Support: Mr. Vanaraja +91 7200575175 | Mr. Gokul +91 7200575154
A219: Registered: Sivaganga 630611 | Head Office: West Tambaram, Chennai 600045 | B219: Registered: Sivaganga 630611 | Head Office: West Tambaram, Chennai 600045 | C219: Registered: Sivaganga 630611 | Head Office: West Tambaram, Chennai 600045 | D219: Registered: Sivaganga 630611 | Head Office: West Tambaram, Chennai 600045 | E219: Registered: Sivaganga 630611 | Head Office: West Tambaram, Chennai 600045 | F219: Registered: Sivaganga 630611 | Head Office: West Tambaram, Chennai 600045 | G219: Registered: Sivaganga 630611 | Head Office: West Tambaram, Chennai 600045 | H219: Registered: Sivaganga 630611 | Head Office: West Tambaram, Chennai 600045 | I219: Registered: Sivaganga 630611 | Head Office: West Tambaram, Chennai 600045 | J219: Registered: Sivaganga 630611 | Head Office: West Tambaram, Chennai 600045 | K219: Registered: Sivaganga 630611 | Head Office: West Tambaram, Chennai 600045 | L219: Registered: Sivaganga 630611 | Head Office: West Tambaram, Chennai 600045 | M219: Registered: Sivaganga 630611 | Head Office: West Tambaram, Chennai 600045 | N219: Registered: Sivaganga 630611 | Head Office: West Tambaram, Chennai 600045 | O219: Registered: Sivaganga 630611 | Head Office: West Tambaram, Chennai 600045 | P219: Registered: Sivaganga 630611 | Head Office: West Tambaram, Chennai 600045 | Q219: Registered: Sivaganga 630611 | Head Office: West Tambaram, Chennai 600045 | R219: Registered: Sivaganga 630611 | Head Office: West Tambaram, Chennai 600045 | S219: Registered: Sivaganga 630611 | Head Office: West Tambaram, Chennai 600045 | T219: Registered: Sivaganga 630611 | Head Office: West Tambaram, Chennai 600045 | U219: Registered: Sivaganga 630611 | Head Office: West Tambaram, Chennai 600045 | V219: Registered: Sivaganga 630611 | Head Office: West Tambaram, Chennai 600045 | W219: Registered: Sivaganga 630611 | Head Office: West Tambaram, Chennai 600045 | X219: Registered: Sivaganga 630611 | Head Office: West Tambaram, Chennai 600045 | Y219: Registered: Sivaganga 630611 | Head Office: West Tambaram, Chennai 600045

Sheet GOLD Calculation
A1: TRADING SECRETS ACADEMY PVT LTD | H1: MCX GOLD CALCULATION | I1: MCX GOLDTEN CALCULATION | J1: MCX GOLDTEN CALCULATION
A2: Quality, Trust, Consistency & Ethics | H2: MCX GOLDTEN CALCULATION | I2: MCX GOLDTEN CALCULATION | J2: MCX GOLDTEN CALCULATION
A3: CALCULATION & TRADING LEVELS | H3: MCX GOLDTEN CALCULATION | I3: MCX GOLDTEN CALCULATION | J3: MCX GOLDTEN CALCULATION
A4: Licence Number: TSA-MURU-2419 | Name: MURUGAN M | Mail ID: muruganm56789@gmail.com | Contact Number: 8610022419
A5: CONTRACT & TRADING DATE INPUTS | B5: CONTRACT & TRADING DATE INPUTS | C5: CONTRACT & TRADING DATE INPUTS | D5: CONTRACT & TRADING DATE INPUTS
A6: Next Trading Date | B6: 46275
A7: Contract 1 | B7: OCT
A8: Contract 1 Expiry | B8: 46300
A9: Contract 2 | B9: DEC
A10: Contract 2 Expiry | B10: 46360
A11: Switch Date | B11: =IF(B8="","",WORKDAY(B8,-Settings!$K$11)) -> 46287
A12: Selected Contract | B12: =IF(OR(B6="",B11=""),"",IF(B6>=B11,B9,B7)) -> OCT
A14: FOUR-DAY HIGH / LOW INPUTS | B14: FOUR-DAY HIGH / LOW INPUTS | C14: FOUR-DAY HIGH / LOW INPUTS | D14: FOUR-DAY HIGH / LOW INPUTS | E14: FOUR-DAY HIGH / LOW INPUTS | F14: FOUR-DAY HIGH / LOW INPUTS | G14: FOUR-DAY HIGH / LOW INPUTS | H14: FOUR-DAY HIGH / LOW INPUTS | I14: FOUR-DAY HIGH / LOW INPUTS | J14: FOUR-DAY HIGH / LOW INPUTS
A16: Day | B16: Date | C16: High | D16: Low | F16: Summary Level | G16: Value
A17: Day 01 | B17: 46269 | C17: 157075 | D17: 151262 | F17: 4DHH | G17: =IF(COUNT(C17:C20)<4,"",MAX(C17:C20)) -> 157075
A18: Day 02 | B18: 46272 | C18: 153295 | D18: 151850 | F18: 4DLL | G18: =IF(COUNT(D17:D20)<4,"",MIN(D17:D20)) -> 151262
A19: Day 03 | B19: 46273 | C19: 154125 | D19: 152401 | F19: 2DHH | G19: =IF(COUNT(C19:C20)<2,"",MAX(C19:C20)) -> 154294
A20: Day 04 | B20: 46274 | C20: 154294 | D20: 152101 | F20: 2DLL | G20: =IF(COUNT(D19:D20)<2,"",MIN(D19:D20)) -> 152101
A22: NORMAL BUY | B22: NORMAL BUY | C22: NORMAL BUY | D22: NORMAL BUY | F22: NORMAL SELL | G22: NORMAL SELL | H22: NORMAL SELL | I22: NORMAL SELL | J22: NORMAL SELL
A23: Entry | B23: =IF(G17="","",G17*(1+Settings!$K$6)) -> 157263.49 | F23: Entry | G23: =IF(G18="","",G18*(1-Settings!$K$6)) -> 151080.49
A24: Target | B24: =IF(B23="","",B23*(1+Settings!$K$7)) -> 159622.44 | F24: Target | G24: =IF(G23="","",G23*(1-Settings!$K$7)) -> 148814.28
A25: Stoploss 1 | B25: =IF(OR(B23="",G20=""),"",MAX(B23*(1-Settings!$K$8),G20*(1-Settings!$K$6))) -> 154904.54 | F25: Stoploss 1 | G25: =IF(OR(G23="",G19=""),"",MIN(G23*(1+Settings!$K$8),G19*(1+Settings!$K$6))) -> 153346.69
A26: Stoploss 2 | B26: =IF(OR(B23="",G18=""),"",MAX(B23*(1-Settings!$K$8),G18*(1-Settings!$K$6))) -> 154904.54 | F26: Stoploss 2 | G26: =IF(OR(G23="",G17=""),"",MIN(G23*(1+Settings!$K$8),G17*(1+Settings!$K$6))) -> 153346.69
A29: NORMAL CALCULATION LEVELS — AUTO-LINKED TO ORDERS | B29: NORMAL CALCULATION LEVELS — AUTO-LINKED TO ORDERS | C29: NORMAL CALCULATION LEVELS — AUTO-LINKED TO ORDERS | D29: NORMAL CALCULATION LEVELS — AUTO-LINKED TO ORDERS | E29: NORMAL CALCULATION LEVELS — AUTO-LINKED TO ORDERS | F29: NORMAL CALCULATION LEVELS — AUTO-LINKED TO ORDERS | G29: NORMAL CALCULATION LEVELS — AUTO-LINKED TO ORDERS | H29: NORMAL CALCULATION LEVELS — AUTO-LINKED TO ORDERS
A30: Setup | B30: Order Date | C30: Contract | D30: Trade | E30: Entry | F30: Target | G30: Stoploss 1 | H30: Stoploss 2
A31: Normal Buy Levels | B31: =IF(B6="","",B6) -> 46275 | C31: =IF(B12="","",B12) -> OCT | D31: Buy | E31: =B23 -> 157263.49 | F31: =B24 -> 159622.44 | G31: =B25 -> 154904.54 | H31: =B26 -> 154904.54
A32: Normal Sell Levels | B32: =IF(B6="","",B6) -> 46275 | C32: =IF(B12="","",B12) -> OCT | D32: Sell | E32: =G23 -> 151080.49 | F32: =G24 -> 148814.28 | G32: =G25 -> 153346.69 | H32: =G26 -> 153346.69
A33: GAP-UP BUY & GAP-DOWN SELL LEVELS | B33: GAP-UP BUY & GAP-DOWN SELL LEVELS | C33: GAP-UP BUY & GAP-DOWN SELL LEVELS | D33: GAP-UP BUY & GAP-DOWN SELL LEVELS | E33: GAP-UP BUY & GAP-DOWN SELL LEVELS | F33: GAP-UP BUY & GAP-DOWN SELL LEVELS | G33: GAP-UP BUY & GAP-DOWN SELL LEVELS | H33: GAP-UP BUY & GAP-DOWN SELL LEVELS | I33: GAP-UP BUY & GAP-DOWN SELL LEVELS | J33: GAP-UP BUY & GAP-DOWN SELL LEVELS
A34: GAP-UP BUY | B34: GAP-UP BUY | C34: GAP-UP BUY | D34: GAP-UP BUY | F34: GAP-DOWN SELL | G34: GAP-DOWN SELL | H34: GAP-DOWN SELL | I34: GAP-DOWN SELL | J34: GAP-DOWN SELL
A35: First 15-Minute High | B35: 150862 | F35: First 15-Minute Low
A36: Entry | B36: =IF(B35="","",B35*(1+Settings!$K$6)) -> 151043.03 | F36: Entry | G36: =IF(G35="","",G35*(1-Settings!$K$6))
A37: Target | B37: =IF(B36="","",B36*(1+Settings!$K$7)) -> 153308.68 | F37: Target | G37: =IF(G36="","",G36*(1-Settings!$K$7))
A38: Stoploss 1 | B38: =IF(OR(B35="",G20=""),"",MAX(B36*(1-Settings!$K$8),G20*(1-Settings!$K$6))) -> 151918.48 | F38: Stoploss 1 | G38: =IF(OR(G35="",G19=""),"",MIN(G36*(1+Settings!$K$8),G19*(1+Settings!$K$6)))
A39: Stoploss 2 | B39: =IF(OR(B35="",G18=""),"",MAX(B36*(1-Settings!$K$8),G18*(1-Settings!$K$6))) -> 151080.49 | F39: Stoploss 2 | G39: =IF(OR(G35="",G17=""),"",MIN(G36*(1+Settings!$K$8),G17*(1+Settings!$K$6)))
A41: GAP CALCULATION LEVELS — AUTO-LINKED TO ORDERS | B41: GAP CALCULATION LEVELS — AUTO-LINKED TO ORDERS | C41: GAP CALCULATION LEVELS — AUTO-LINKED TO ORDERS | D41: GAP CALCULATION LEVELS — AUTO-LINKED TO ORDERS | E41: GAP CALCULATION LEVELS — AUTO-LINKED TO ORDERS | F41: GAP CALCULATION LEVELS — AUTO-LINKED TO ORDERS | G41: GAP CALCULATION LEVELS — AUTO-LINKED TO ORDERS | H41: GAP CALCULATION LEVELS — AUTO-LINKED TO ORDERS
A42: Gap result cells stay blank until the corresponding first 15-minute value is entered. | B42: Gap result cells stay blank until the corresponding first 15-minute value is entered. | C42: Gap result cells stay blank until the corresponding first 15-minute value is entered. | D42: Gap result cells stay blank until the corresponding first 15-minute value is entered. | E42: Gap result cells stay blank until the corresponding first 15-minute value is entered. | F42: Gap result cells stay blank until the corresponding first 15-minute value is entered. | G42: Gap result cells stay blank until the corresponding first 15-minute value is entered. | H42: Gap result cells stay blank until the corresponding first 15-minute value is entered.
A43: Setup | B43: Order Date | C43: Contract | D43: Trade | E43: Entry | F43: Target | G43: Stoploss 1 | H43: Stoploss 2
A44: Gap Up Buy Levels | B44: =IF(B6="","",B6) -> 46275 | C44: =IF(B12="","",B12) -> OCT | D44: Buy | E44: =IF(B35="","",B36) -> 151043.03 | F44: =IF(B35="","",B37) -> 153308.68 | G44: =IF(B35="","",B38) -> 151918.48 | H44: =IF(B35="","",B39) -> 151080.49
A45: Gap Down Sell Levels | B45: =IF(B6="","",B6) -> 46275 | C45: =IF(B12="","",B12) -> OCT | D45: Sell | E45: =IF(G35="","",G36) | F45: =IF(G35="","",G37) | G45: =IF(G35="","",G38) | H45: =IF(G35="","",G39)
A47: LEGEND: Yellow = manual input | Blue/grey = calculated | Green = Buy | Red = Sell | B47: LEGEND: Yellow = manual input | Blue/grey = calculated | Green = Buy | Red = Sell | C47: LEGEND: Yellow = manual input | Blue/grey = calculated | Green = Buy | Red = Sell | D47: LEGEND: Yellow = manual input | Blue/grey = calculated | Green = Buy | Red = Sell | E47: LEGEND: Yellow = manual input | Blue/grey = calculated | Green = Buy | Red = Sell | F47: LEGEND: Yellow = manual input | Blue/grey = calculated | Green = Buy | Red = Sell | G47: LEGEND: Yellow = manual input | Blue/grey = calculated | Green = Buy | Red = Sell | H47: LEGEND: Yellow = manual input | Blue/grey = calculated | Green = Buy | Red = Sell | I47: LEGEND: Yellow = manual input | Blue/grey = calculated | Green = Buy | Red = Sell | J47: LEGEND: Yellow = manual input | Blue/grey = calculated | Green = Buy | Red = Sell
A49: TRADING SECRETS ACADEMY PVT LTD | Quality, Trust, Consistency & Ethics
A50: Office Support: Mrs. Sathyavani +91 90425 87730 | Mrs. Suganya +91 80569 25382
A51: Calculations & Live Market Support: Mr. Vanaraja +91 7200575175 | Mr. Gokul +91 7200575154
A52: Registered: Sivaganga 630611 | Head Office: West Tambaram, Chennai 600045

Sheet GOLD Orders
A1: TRADING SECRETS ACADEMY PVT LTD | G1: MCX GOLD ORDERS | H1: MCX GOLDTEN ORDERS | I1: MCX GOLDTEN ORDERS
A2: Quality, Trust, Consistency & Ethics | G2: MCX GOLDTEN ORDERS | H2: MCX GOLDTEN ORDERS | I2: MCX GOLDTEN ORDERS
A3: ORDER SELECTION, MISSED CHECKS & TICKETS | G3: MCX GOLDTEN ORDERS | H3: MCX GOLDTEN ORDERS | I3: MCX GOLDTEN ORDERS
A4: Licence Number: TSA-MURU-2419 | Name: MURUGAN M | Mail ID: muruganm56789@gmail.com | Contact Number: 8610022419
A5: Number of Lots | B5: 4
A6: Market Opening Price | B6: 150312 | E6: Product | F6: MCX GOLD
A7: First 10-Minute High | B7: 151563 | E7: Active Contract | F7: =IF('GOLD Calculation'!$B$12="","",'GOLD Calculation'!$B$12) -> OCT
A8: First 10-Minute Low | B8: 148800 | E8: Trading Date | F8: =IF('GOLD Calculation'!$B$6="","",'GOLD Calculation'!$B$6) -> 46275
A9: Buy Status | B9: No Holdings | C9: Entry Triggered | E9: Input Status | F9: =IF(COUNT(B6:B8)=3,"READY","INPUT REQUIRED") -> READY
A10: Sell Status | B10: Sell Holding
A12: SOURCE LEVELS FROM MATCHING CALCULATION SHEET | B12: SOURCE LEVELS FROM MATCHING CALCULATION SHEET | C12: SOURCE LEVELS FROM MATCHING CALCULATION SHEET | D12: SOURCE LEVELS FROM MATCHING CALCULATION SHEET | E12: SOURCE LEVELS FROM MATCHING CALCULATION SHEET | F12: SOURCE LEVELS FROM MATCHING CALCULATION SHEET | G12: SOURCE LEVELS FROM MATCHING CALCULATION SHEET | H12: SOURCE LEVELS FROM MATCHING CALCULATION SHEET | I12: SOURCE LEVELS FROM MATCHING CALCULATION SHEET
A13: Setup | B13: Entry | C13: Target | D13: SL1 | E13: SL2 | F13: Availability
A14: Normal Buy | B14: =IF(COUNT('GOLD Calculation'!$G$17)=0,"",'GOLD Calculation'!$B$23) -> 157263.49 | C14: =IF(COUNT('GOLD Calculation'!$G$17)=0,"",'GOLD Calculation'!$B$24) -> 159622.44 | D14: =IF(COUNT('GOLD Calculation'!$G$17)=0,"",'GOLD Calculation'!$B$25) -> 154904.54 | E14: =IF(COUNT('GOLD Calculation'!$G$17)=0,"",'GOLD Calculation'!$B$26) -> 154904.54 | F14: =IF(COUNT('GOLD Calculation'!$G$17)=0,"INPUT REQUIRED",IF(COUNT(B14:E14)=4,"READY","INPUT REQUIRED")) -> READY
A15: Normal Sell | B15: =IF(COUNT('GOLD Calculation'!$G$18)=0,"",'GOLD Calculation'!$G$23) -> 151080.49 | C15: =IF(COUNT('GOLD Calculation'!$G$18)=0,"",'GOLD Calculation'!$G$24) -> 148814.28 | D15: =IF(COUNT('GOLD Calculation'!$G$18)=0,"",'GOLD Calculation'!$G$25) -> 153346.69 | E15: =IF(COUNT('GOLD Calculation'!$G$18)=0,"",'GOLD Calculation'!$G$26) -> 153346.69 | F15: =IF(COUNT('GOLD Calculation'!$G$18)=0,"INPUT REQUIRED",IF(COUNT(B15:E15)=4,"READY","INPUT REQUIRED")) -> READY
